1999/01,1,apache
1999/02,0,apache
1999/03,0,apache
1999/04,0,apache
1999/05,0,apache
1999/06,1,apache
1999/07,0,apache
1999/08,2,apache
1999/09,3,apache
1999/10,0,apache
1999/11,0,apache
1999/12,2,apache
2000/01,0,apache
2000/02,3,apache
2000/03,0,apache
2000/04,0,apache
2000/05,1,apache
2000/06,0,apache
2000/07,1,apache
2000/08,0,apache
2000/09,0,apache
2000/10,3,apache
2000/11,3,apache
2000/12,2,apache
2001/01,1,apache
2001/02,1,apache
2001/03,3,apache
2001/04,0,apache
2001/05,1,apache
2001/06,0,apache
2001/07,0,apache
2001/08,1,apache
2001/09,1,apache
2001/10,4,apache
2001/11,2,apache
2001/12,5,apache
2002/01,0,apache
2002/02,0,apache
2002/03,2,apache
2002/04,0,apache
2002/05,4,apache
2002/06,0,apache
2002/07,6,apache
2002/08,4,apache
2002/09,2,apache
2002/10,7,apache
2002/11,5,apache
2002/12,15,apache
2003/01,1,apache
2003/02,2,apache
2003/03,2,apache
2003/04,6,apache
2003/05,0,apache
2003/06,3,apache
2003/07,0,apache
2003/08,6,apache
2003/09,0,apache
2003/10,2,apache
2003/11,7,apache
2003/12,8,apache
2004/01,0,apache
2004/02,1,apache
2004/03,5,apache
2004/04,2,apache
2004/05,1,apache
2004/06,0,apache
2004/07,2,apache
2004/08,3,apache
2004/09,1,apache
2004/10,6,apache
2004/11,3,apache
2004/12,16,apache
2005/01,2,apache
2005/02,3,apache
2005/03,0,apache
2005/04,0,apache
2005/05,2,apache
2005/06,1,apache
2005/07,2,apache
2005/08,2,apache
2005/09,0,apache
2005/10,4,apache
2005/11,3,apache
2005/12,11,apache
2006/01,2,apache
2006/02,0,apache
2006/03,11,apache
2006/04,1,apache
2006/05,2,apache
2006/06,6,apache
2006/07,4,apache
2006/08,3,apache
2006/09,4,apache
2006/10,2,apache
2006/11,3,apache
2006/12,9,apache
2007/01,5,apache
2007/02,3,apache
2007/03,12,apache
2007/04,8,apache
2007/05,6,apache
2007/06,9,apache
2007/07,3,apache
2007/08,9,apache
2007/09,4,apache
2007/10,5,apache
2007/11,1,apache
2007/12,8,apache
2008/01,9,apache
2008/02,7,apache
2008/03,0,apache
2008/04,1,apache
2008/05,1,apache
2008/06,5,apache
2008/07,3,apache
2008/08,6,apache
2008/09,0,apache
2008/10,3,apache
2008/11,0,apache
2008/12,1,apache
2009/01,3,apache
2009/02,2,apache
2009/03,5,apache
2009/04,14,apache
2009/05,1,apache
2009/06,13,apache
2009/07,4,apache
2009/08,4,apache
2009/09,5,apache
2009/10,3,apache
2009/11,5,apache
2009/12,0,apache
2010/01,4,apache
2010/02,4,apache
2010/03,3,apache
2010/04,6,apache
2010/05,8,apache
2010/06,6,apache
2010/07,3,apache
2010/08,10,apache
2010/09,2,apache
2010/10,9,apache
2010/11,4,apache
2010/12,2,apache
2011/01,4,apache
2011/02,6,apache
2011/03,5,apache
2011/04,2,apache
2011/05,15,apache
2011/06,10,apache
2011/07,5,apache
2011/08,6,apache
2011/09,1,apache
2011/10,3,apache
2011/11,5,apache
2011/12,3,apache
2012/01,16,apache
2012/02,4,apache
2012/03,5,apache
2012/04,3,apache
2012/05,1,apache
2012/06,3,apache
2012/07,5,apache
2012/08,6,apache
2012/09,10,apache
2012/10,5,apache
2012/11,7,apache
2012/12,4,apache
2013/01,5,apache
2013/02,2,apache
2013/03,11,apache
2013/04,6,apache
2013/05,7,apache
2013/06,5,apache
2013/07,17,apache
2013/08,12,apache
2013/09,4,apache
2013/10,10,apache
2013/11,4,apache
2013/12,10,apache
2014/01,7,apache
2014/02,7,apache
2014/03,13,apache
2014/04,13,apache
2014/05,13,apache
2014/06,3,apache
2014/07,11,apache
2014/08,8,apache
2014/09,7,apache
2014/10,5,apache
2014/11,6,apache
2014/12,10,apache
2015/01,6,apache
2015/02,4,apache
2015/03,6,apache
2015/04,4,apache
2015/05,1,apache
2015/06,8,apache
2015/07,5,apache
2015/08,12,apache
2015/09,0,apache
2015/10,1,apache
2015/11,16,apache
2015/12,6,apache
2016/01,7,apache
2016/02,15,apache
2016/03,2,apache
2016/04,34,apache
2016/05,10,apache
2016/06,13,apache
2016/07,17,apache
2016/08,6,apache
2016/09,8,apache
2016/10,5,apache
2016/11,1,apache
2016/12,4,apache
2017/01,7,apache
2017/02,6,apache
2017/03,10,apache
2017/04,21,apache
2017/05,42,apache
2017/06,17,apache
2017/07,38,apache
2017/08,36,apache
2017/09,29,apache
2017/10,47,apache
2017/11,20,apache
2017/12,14,apache
2018/01,24,apache
2018/02,28,apache
2018/03,21,apache
2018/04,12,apache
2018/05,11,apache
2018/06,10,apache
2018/07,27,apache
2018/08,18,apache
2018/09,27,apache
2018/10,12,apache
2018/11,7,apache
2018/12,11,apache
2019/01,37,apache
2019/02,8,apache
2019/03,18,apache
2019/04,16,apache
2019/05,22,apache
2019/06,14,apache
2019/07,17,apache
2019/08,31,apache
2019/09,22,apache
2019/10,7,apache
2019/11,13,apache
2019/12,4,apache
