1999/01,0,joomla
1999/02,0,joomla
1999/03,0,joomla
1999/04,0,joomla
1999/05,0,joomla
1999/06,0,joomla
1999/07,0,joomla
1999/08,0,joomla
1999/09,0,joomla
1999/10,0,joomla
1999/11,0,joomla
1999/12,0,joomla
2000/01,0,joomla
2000/02,0,joomla
2000/03,0,joomla
2000/04,0,joomla
2000/05,0,joomla
2000/06,0,joomla
2000/07,0,joomla
2000/08,0,joomla
2000/09,0,joomla
2000/10,0,joomla
2000/11,0,joomla
2000/12,0,joomla
2001/01,0,joomla
2001/02,0,joomla
2001/03,0,joomla
2001/04,0,joomla
2001/05,0,joomla
2001/06,0,joomla
2001/07,0,joomla
2001/08,0,joomla
2001/09,0,joomla
2001/10,0,joomla
2001/11,0,joomla
2001/12,0,joomla
2002/01,0,joomla
2002/02,0,joomla
2002/03,0,joomla
2002/04,0,joomla
2002/05,0,joomla
2002/06,0,joomla
2002/07,0,joomla
2002/08,0,joomla
2002/09,0,joomla
2002/10,0,joomla
2002/11,0,joomla
2002/12,0,joomla
2003/01,0,joomla
2003/02,0,joomla
2003/03,0,joomla
2003/04,0,joomla
2003/05,0,joomla
2003/06,0,joomla
2003/07,0,joomla
2003/08,0,joomla
2003/09,0,joomla
2003/10,0,joomla
2003/11,0,joomla
2003/12,0,joomla
2004/01,0,joomla
2004/02,0,joomla
2004/03,0,joomla
2004/04,0,joomla
2004/05,0,joomla
2004/06,0,joomla
2004/07,0,joomla
2004/08,0,joomla
2004/09,0,joomla
2004/10,0,joomla
2004/11,0,joomla
2004/12,0,joomla
2005/01,0,joomla
2005/02,0,joomla
2005/03,0,joomla
2005/04,0,joomla
2005/05,0,joomla
2005/06,0,joomla
2005/07,0,joomla
2005/08,0,joomla
2005/09,0,joomla
2005/10,0,joomla
2005/11,3,joomla
2005/12,1,joomla
2006/01,2,joomla
2006/02,0,joomla
2006/03,7,joomla
2006/04,2,joomla
2006/05,0,joomla
2006/06,2,joomla
2006/07,7,joomla
2006/08,26,joomla
2006/09,19,joomla
2006/10,1,joomla
2006/11,5,joomla
2006/12,8,joomla
2007/01,6,joomla
2007/02,3,joomla
2007/03,10,joomla
2007/04,10,joomla
2007/05,2,joomla
2007/06,2,joomla
2007/07,2,joomla
2007/08,16,joomla
2007/09,11,joomla
2007/10,13,joomla
2007/11,2,joomla
2007/12,3,joomla
2008/01,13,joomla
2008/02,45,joomla
2008/03,11,joomla
2008/04,5,joomla
2008/05,3,joomla
2008/06,16,joomla
2008/07,8,joomla
2008/08,3,joomla
2008/09,6,joomla
2008/10,6,joomla
2008/11,4,joomla
2008/12,8,joomla
2009/01,10,joomla
2009/02,30,joomla
2009/03,7,joomla
2009/04,5,joomla
2009/05,4,joomla
2009/06,10,joomla
2009/07,19,joomla
2009/08,4,joomla
2009/09,26,joomla
2009/10,6,joomla
2009/11,12,joomla
2009/12,13,joomla
2010/01,24,joomla
2010/02,15,joomla
2010/03,21,joomla
2010/04,54,joomla
2010/05,47,joomla
2010/06,15,joomla
2010/07,27,joomla
2010/08,1,joomla
2010/09,4,joomla
2010/10,2,joomla
2010/11,3,joomla
2010/12,8,joomla
2011/01,5,joomla
2011/02,4,joomla
2011/03,1,joomla
2011/04,2,joomla
2011/05,0,joomla
2011/06,0,joomla
2011/07,7,joomla
2011/08,0,joomla
2011/09,3,joomla
2011/10,21,joomla
2011/11,25,joomla
2011/12,8,joomla
2012/01,0,joomla
2012/02,3,joomla
2012/03,0,joomla
2012/04,2,joomla
2012/05,4,joomla
2012/06,1,joomla
2012/07,4,joomla
2012/08,11,joomla
2012/09,14,joomla
2012/10,9,joomla
2012/11,3,joomla
2012/12,2,joomla
2013/01,2,joomla
2013/02,3,joomla
2013/03,0,joomla
2013/04,0,joomla
2013/05,8,joomla
2013/06,0,joomla
2013/07,0,joomla
2013/08,0,joomla
2013/09,2,joomla
2013/10,1,joomla
2013/11,0,joomla
2013/12,1,joomla
2014/01,4,joomla
2014/02,1,joomla
2014/03,5,joomla
2014/04,1,joomla
2014/05,0,joomla
2014/06,0,joomla
2014/07,1,joomla
2014/08,0,joomla
2014/09,0,joomla
2014/10,9,joomla
2014/11,4,joomla
2014/12,0,joomla
2015/01,0,joomla
2015/02,2,joomla
2015/03,1,joomla
2015/04,0,joomla
2015/05,0,joomla
2015/06,5,joomla
2015/07,1,joomla
2015/08,1,joomla
2015/09,2,joomla
2015/10,5,joomla
2015/11,0,joomla
2015/12,5,joomla
2016/01,1,joomla
2016/02,0,joomla
2016/03,0,joomla
2016/04,0,joomla
2016/05,0,joomla
2016/06,0,joomla
2016/07,0,joomla
2016/08,0,joomla
2016/09,0,joomla
2016/10,2,joomla
2016/11,2,joomla
2016/12,3,joomla
2017/01,2,joomla
2017/02,0,joomla
2017/03,1,joomla
2017/04,11,joomla
2017/05,8,joomla
2017/06,0,joomla
2017/07,4,joomla
2017/08,5,joomla
2017/09,10,joomla
2017/10,5,joomla
2017/11,0,joomla
2017/12,5,joomla
2018/01,13,joomla
2018/02,53,joomla
2018/03,4,joomla
2018/04,4,joomla
2018/05,10,joomla
2018/06,3,joomla
2018/07,1,joomla
2018/08,4,joomla
2018/09,14,joomla
2018/10,5,joomla
2018/11,1,joomla
2018/12,0,joomla
2019/01,4,joomla
2019/02,13,joomla
2019/03,9,joomla
2019/04,3,joomla
2019/05,2,joomla
2019/06,8,joomla
2019/07,0,joomla
2019/08,5,joomla
2019/09,2,joomla
2019/10,1,joomla
2019/11,2,joomla
2019/12,2,joomla
