1999/01,0,wordpress
1999/02,0,wordpress
1999/03,0,wordpress
1999/04,0,wordpress
1999/05,0,wordpress
1999/06,0,wordpress
1999/07,0,wordpress
1999/08,0,wordpress
1999/09,0,wordpress
1999/10,0,wordpress
1999/11,0,wordpress
1999/12,0,wordpress
2000/01,0,wordpress
2000/02,0,wordpress
2000/03,0,wordpress
2000/04,0,wordpress
2000/05,0,wordpress
2000/06,0,wordpress
2000/07,0,wordpress
2000/08,0,wordpress
2000/09,0,wordpress
2000/10,0,wordpress
2000/11,0,wordpress
2000/12,0,wordpress
2001/01,0,wordpress
2001/02,0,wordpress
2001/03,0,wordpress
2001/04,0,wordpress
2001/05,0,wordpress
2001/06,0,wordpress
2001/07,0,wordpress
2001/08,0,wordpress
2001/09,0,wordpress
2001/10,0,wordpress
2001/11,0,wordpress
2001/12,0,wordpress
2002/01,0,wordpress
2002/02,0,wordpress
2002/03,0,wordpress
2002/04,0,wordpress
2002/05,0,wordpress
2002/06,0,wordpress
2002/07,0,wordpress
2002/08,0,wordpress
2002/09,0,wordpress
2002/10,0,wordpress
2002/11,0,wordpress
2002/12,0,wordpress
2003/01,0,wordpress
2003/02,0,wordpress
2003/03,0,wordpress
2003/04,0,wordpress
2003/05,0,wordpress
2003/06,0,wordpress
2003/07,0,wordpress
2003/08,0,wordpress
2003/09,0,wordpress
2003/10,0,wordpress
2003/11,0,wordpress
2003/12,0,wordpress
2004/01,0,wordpress
2004/02,0,wordpress
2004/03,0,wordpress
2004/04,0,wordpress
2004/05,0,wordpress
2004/06,0,wordpress
2004/07,0,wordpress
2004/08,0,wordpress
2004/09,0,wordpress
2004/10,0,wordpress
2004/11,0,wordpress
2004/12,2,wordpress
2005/01,0,wordpress
2005/02,0,wordpress
2005/03,0,wordpress
2005/04,0,wordpress
2005/05,3,wordpress
2005/06,1,wordpress
2005/07,6,wordpress
2005/08,1,wordpress
2005/09,0,wordpress
2005/10,1,wordpress
2005/11,0,wordpress
2005/12,2,wordpress
2006/01,0,wordpress
2006/02,1,wordpress
2006/03,5,wordpress
2006/04,0,wordpress
2006/05,1,wordpress
2006/06,0,wordpress
2006/07,2,wordpress
2006/08,2,wordpress
2006/09,1,wordpress
2006/10,0,wordpress
2006/11,3,wordpress
2006/12,2,wordpress
2007/01,8,wordpress
2007/02,1,wordpress
2007/03,7,wordpress
2007/04,3,wordpress
2007/05,10,wordpress
2007/06,6,wordpress
2007/07,6,wordpress
2007/08,11,wordpress
2007/09,6,wordpress
2007/10,3,wordpress
2007/11,2,wordpress
2007/12,3,wordpress
2008/01,19,wordpress
2008/02,15,wordpress
2008/03,1,wordpress
2008/04,4,wordpress
2008/05,4,wordpress
2008/06,0,wordpress
2008/07,2,wordpress
2008/08,1,wordpress
2008/09,1,wordpress
2008/10,7,wordpress
2008/11,2,wordpress
2008/12,1,wordpress
2009/01,0,wordpress
2009/02,0,wordpress
2009/03,2,wordpress
2009/04,3,wordpress
2009/05,1,wordpress
2009/06,3,wordpress
2009/07,10,wordpress
2009/08,6,wordpress
2009/09,1,wordpress
2009/10,1,wordpress
2009/11,2,wordpress
2009/12,6,wordpress
2010/01,0,wordpress
2010/02,2,wordpress
2010/03,2,wordpress
2010/04,1,wordpress
2010/05,0,wordpress
2010/06,0,wordpress
2010/07,1,wordpress
2010/08,0,wordpress
2010/09,0,wordpress
2010/10,0,wordpress
2010/11,1,wordpress
2010/12,7,wordpress
2011/01,2,wordpress
2011/02,2,wordpress
2011/03,5,wordpress
2011/04,2,wordpress
2011/05,0,wordpress
2011/06,0,wordpress
2011/07,0,wordpress
2011/08,8,wordpress
2011/09,18,wordpress
2011/10,2,wordpress
2011/11,3,wordpress
2011/12,6,wordpress
2012/01,13,wordpress
2012/02,5,wordpress
2012/03,3,wordpress
2012/04,6,wordpress
2012/05,7,wordpress
2012/06,10,wordpress
2012/07,4,wordpress
2012/08,17,wordpress
2012/09,15,wordpress
2012/10,21,wordpress
2012/11,6,wordpress
2012/12,5,wordpress
2013/01,9,wordpress
2013/02,6,wordpress
2013/03,3,wordpress
2013/04,8,wordpress
2013/05,9,wordpress
2013/06,2,wordpress
2013/07,16,wordpress
2013/08,5,wordpress
2013/09,17,wordpress
2013/10,5,wordpress
2013/11,6,wordpress
2013/12,4,wordpress
2014/01,25,wordpress
2014/02,3,wordpress
2014/03,17,wordpress
2014/04,19,wordpress
2014/05,23,wordpress
2014/06,15,wordpress
2014/07,98,wordpress
2014/08,32,wordpress
2014/09,12,wordpress
2014/10,26,wordpress
2014/11,31,wordpress
2014/12,43,wordpress
2015/01,54,wordpress
2015/02,23,wordpress
2015/03,23,wordpress
2015/04,5,wordpress
2015/05,18,wordpress
2015/06,24,wordpress
2015/07,7,wordpress
2015/08,15,wordpress
2015/09,12,wordpress
2015/10,4,wordpress
2015/11,7,wordpress
2015/12,2,wordpress
2016/01,6,wordpress
2016/02,0,wordpress
2016/03,1,wordpress
2016/04,0,wordpress
2016/05,10,wordpress
2016/06,13,wordpress
2016/07,0,wordpress
2016/08,4,wordpress
2016/09,0,wordpress
2016/10,45,wordpress
2016/11,0,wordpress
2016/12,0,wordpress
2017/01,19,wordpress
2017/02,8,wordpress
2017/03,32,wordpress
2017/04,5,wordpress
2017/05,16,wordpress
2017/06,12,wordpress
2017/07,7,wordpress
2017/08,18,wordpress
2017/09,70,wordpress
2017/10,27,wordpress
2017/11,14,wordpress
2017/12,21,wordpress
2018/01,317,wordpress
2018/02,12,wordpress
2018/03,19,wordpress
2018/04,30,wordpress
2018/05,20,wordpress
2018/06,15,wordpress
2018/07,6,wordpress
2018/08,7,wordpress
2018/09,13,wordpress
2018/10,14,wordpress
2018/11,7,wordpress
2018/12,26,wordpress
2019/01,13,wordpress
2019/02,12,wordpress
2019/03,22,wordpress
2019/04,26,wordpress
2019/05,20,wordpress
2019/06,14,wordpress
2019/07,30,wordpress
2019/08,441,wordpress
2019/09,123,wordpress
2019/10,32,wordpress
2019/11,15,wordpress
2019/12,2,wordpress
