335,to
330,the
172,and
167,a
136,of
117,in
102,these
67,flaw
63,this
62,was
61,packages
57,or
55,could
53,for
53,an
50,found
49,update
49,are
47,use
43,users
43,that
41,fixes
39,upgrade
39,advised
39,Java
38,attacker
37,The
35,updated
35,before
33,with
32,is
32,by
31,remote
31,issues
31,cause
30,following
30,enhancements
30,application
29,crash
29,be
29,IBM
28,service
28,on
27,An
26,which
25,via
25,version
24,would
24,code
24,attackers
24,arbitrary
23,way
23,system
23,discovered
23,allows
22,overflow
22,execute
22,been
22,as
21,have
21,also
21,add
21,A
20,buffer
19,denial
18,user
18,upstream
18,running
18,not
18,correct
18,Hat
17,over
17,number
17,file
17,bug
16,were
16,using
16,backported
16,
15,when
15,issue
15,client
15,Red
14,upgraded
14,potentially
14,memory
14,crafted
14,Security
14,NSS
13,whichcontain
13,previous
13,patches
13,other
13,library
13,function
13,flaws
13,against
13,NSPR
12,whichprovides
12,used
12,thank
12,server
12,like
12,it
12,from
12,effect
12,contain
12,certain
11,whichcorrect
11,unspecified
11,take
11,restarted
11,reporting
11,provides
11,provide
11,network
11,must
11,malicious
11,libraries
11,has
11,data
11,can
11,adds
11,This
11,Firefox
10,set
10,information
10,heap-based
10,addition
10,access
9,web
9,vulnerability
9,possibly
9,handled
9,bypass
9,Software
9,References
9,Network
9,Mozilla
9,Linux
9,Development
8,will
8,standard
8,specially
8,privileges
8,package
8,input
8,includes
8,directory
8,default
8,daemon
8,bugs
8,able
8,Runtime
8,OpenJDK
8,Adobe
7,updatedpackages
7,sensitive
7,section
7,key
7,kernel
7,containing
7,authentication
7,amount
7,aka
7,SE
7,Python
7,All
6,vulnerabilities
6,vectors
6,such
6,send
6,pointer
6,permissionsof
6,page
6,only
6,one
6,netcf
6,multiple
6,make
6,local
6,into
6,installing
6,impact
6,disclose
6,different
6,did
6,corruption
6,configuration
6,compiled
6,changes
6,candidate
6,bugs:In
6,automatically
6,applications
6,allow
6,all
6,Services
6,Player
6,OpenSSH
6,Flash
6,6
5,xfsprogs
5,versions
5,value
5,time
5,theCVE-2015-4806
5,support
5,several
5,servers
5,release
5,realmd
5,project
5,parsed
5,packets
5,obtain
5,nss
5,nspr
5,listedin
5,linked
5,issue.All
5,internal
5,integer
5,implementation
5,grep
5,glibc
5,environment
5,enhancement:All
5,designed
5,create
5,content
5,chronyd
5,chrony
5,bugs:All
5,attack
5,alerts
5,acknowledges
5,VNC
5,Truel
5,RuntimeEnvironment
5,Ruby
5,Palazzo
5,PAC
5,Name
5,NULL
5,LMY48X
5,It
5,If
5,IT
5,IPv6
5,IBMJava
5,Hat.The
5,CVE-2015-4883
5,Android
5,Andrea
5,After
5,5.1.1
4,without
4,variables
4,unbound
4,tools
4,thisflaw
4,theoriginal
4,then
4,than
4,suite
4,sssd
4,source
4,small
4,should
4,resolve
4,requests
4,related
4,provided
4,process
4,policy
4,pcs
4,packet
4,module
4,mediaserver
4,limit
4,libssh2
4,libbdf
4,issues.Upstream
4,informationabout
4,glibc's
4,gem
4,functions
4,files
4,excessive
4,enhancements:All
4,enhancement
4,each
4,does
4,development
4,described
4,dereference
4,core
4,control
4,command
4,certificate
4,call
4,but
4,available
4,authenticated
4,attacks
4,any
4,after
4,added
4,SNMP
4,PostgreSQL
4,Portable
4,Netscape
4,Kit.This
4,Kit
4,Further
4,Environment
4,David
4,Daemon
4,CVE-2015-4734
4,2
4,1
4,**
3,xfs_metadump
3,wireshark
3,view
3,utilities
3,use-after-poison
3,updates
3,untrusted
3,unsafe
3,unauthenticated
3,tocrash
3,tigervnc
3,through
3,theupdate
3,thesystem
3,theseflaws
3,theseenhancements
3,systems
3,structures
3,speciallycrafted
3,session
3,services
3,serverapplications
3,sending
3,security-enabled
3,security
3,runninginstances
3,restart
3,responder
3,request
3,rebuilt
3,read
3,properly
3,processing
3,prefix
3,platformindependence
3,permissions
3,perform
3,patch
3,password
3,passed
3,parameter
3,"packages,which"
3,pacemaker
3,operating
3,openldap
3,open
3,objects
3,ntpd
3,non-GUI
3,new
3,modules
3,modify
3,manages
3,malformed
3,making
3,macros
3,librest
3,library.(CVE-2015-7181
3,leak
3,json
3,inthe
3,include
3,image
3,flash-plugin
3,fixed
3,failed
3,expected
3,error
3,domain
3,details
3,credentials
3,consume
3,consequently
3,connect
3,configured
3,completely
3,commands
3,cmdmon
3,ciphers
3,change
3,browser
3,binutils
3,based
3,authenticate
3,article
3,allowed
3,Tyson
3,System
3,Smith
3,Sleevi
3,Service
3,SWF
3,Ryan
3,Rack
3,Protocol
3,PL_ARENA_ALLOCATE
3,OpenLDAP
3,NetworkManager
3,NTP
3,Multiple
3,Management
3,Kerberos
3,Keeler
3,Jenkins
3,Enterprise
3,Directory
3,DNS
3,CVE-2015-7182)A
3,CVE-2015-4893
3,CVE-2015-4860
3,CVE-2015-4835
3,"CVE-2015-4805,CVE-2015-4806"
3,CVE-2015-4803
3,Applications
3,ASN.1
3,7
3,6.0
3,5.0
3,2015-11-01
2,xmlrpclib
2,whichupgrades
2,well
2,wasfound
2,vulnerable
2,victim
2,version.Red
2,verification
2,various
2,variable
2,valid
2,utility
2,userinto
2,usedto
2,unknown
2,unintended
2,uninitialized
2,triggers
2,tricked
2,trick
2,traversal
2,traps
2,tool
2,threadlibraries
2,thisenhancement
2,they
2,theseupdated
2,themselves
2,their
2,table
2,system.The
2,synchronize
2,swscanf
2,supports
2,strip
2,stop
2,stack
2,sshd
2,ssh-agent
2,specified
2,sources
2,snmptrapd
2,sizes
2,size
2,significant
2,sessions
2,sensitiveinformation
2,secure
2,scripting
2,sandbox
2,same-origin
2,resulting
2,result
2,restrict
2,rest
2,responses
2,responderplug-in
2,resources
2,resource
2,reserved
2,request.A
2,reporter.All
2,repeated
2,queries
2,publicized
2,protocols
2,protocol
2,protection
2,programs
2,program
2,processed
2,problem
2,prime
2,present
2,pre-authentication
2,portions
2,plug-in.This
2,peers
2,peer
2,payloads
2,pattern
2,pagecontaining
2,overflows
2,organization
2,"or,potentially"
2,option
2,openhpi
2,ofthe
2,ofmemory
2,ofdaemons
2,obfuscation
2,nss-utils
2,nss-util
2,nscd
2,now
2,non-privileged
2,no
2,net-snmp
2,need
2,necessary
2,name
2,mkfs.xfs
2,methods
2,messages
2,media
2,mechanism
2,math
2,many
2,manage
2,man-in-the-middle
2,makes
2,machines
2,localhost
2,loaded
2,lines
2,library.(CVE-2015-7183)Note
2,libpthread
2,libm
2,libc
2,leading
2,lack
2,krb5
2,kernel-rt
2,java-1.6.0-openjdk
2,its
2,interpreted
2,interfaces
2,interface
2,instances
2,install
2,individual
2,index
2,incorrectly
2,if
2,httplib
2,hop
2,hijack
2,hardware
2,guessing
2,generated
2,further
2,format
2,fixednspr
2,facilities
2,existing
2,exhaust
2,executearbitrary
2,escalate
2,erratumincludes
2,enabled
2,easier
2,earlier
2,dynamic
2,driver
2,dot
2,domains
2,disabled
2,disable
2,directories
2,device
2,detailed
2,defined
2,date
2,daemonapplication
2,cross-platform
2,coulduse
2,couldcause
2,correctly.It
2,contains
2,connecting
2,conduct
2,computer
2,component
2,compatible
2,circumstances
2,check
2,characters
2,cgi-bin
2,cannot
2,bug:In
2,bug:All
2,both
2,beenupgraded
2,backend
2,availablememory
2,autofs
2,attackercould
2,arbitrarycode
2,applet
2,announcing
2,anapplication
2,agent
2,affected
2,advanced
2,account
2,accessing
2,abstracted
2,XMLRPC
2,XML
2,XFS
2,X.509
2,Wireshark
2,When
2,Wang
2,Time
2,TigerVNC
2,Thor
2,Thesevulnerabilities
2,Switch
2,ServerCaching
2,Server
2,Satellite
2,SSSD's
2,SSSD
2,SSO
2,SSL
2,SSH
2,SDK
2,SAP
2,Refer
2,RHN
2,RESTful
2,RESERVED
2,Privilege
2,Pacemaker
2,PR_ARENA_GROW
2,"PR_ARENA_ALLOCATE,PL_ARENA_GROW"
2,POSIX
2,PID
2,PAM
2,Openswan
2,OpenHPI
2,Now
2,Notes
2,NSPR's
2,NOTE
2,Martin
2,Mail
2,MIT
2,Linuxoperating
2,Libraries
2,LDAP
2,Knowledgebase
2,Kiss-of-Death
2,Kerberized
2,Jason
2,JSONB
2,JSON
2,JRE
2,JAXP
2,J2SE
2,Integer
2,In
2,IKEv2
2,IKE
2,Horde
2,HTTP
2,For
2,FlashPlayer
2,ESR
2,Certificate
2,CVE-2015-8072
2,CVE-2015-8046)All
2,CVE-2015-8042
2,CVE-2015-7659
2,CVE-2015-7654
2,CVE-2015-7183
2,CVE-2015-5156
2,"CVE-2015-4903,CVE-2015-5006)Red"
2,CVE-2015-4902
2,"CVE-2015-4872,CVE-2015-4882"
2,CVE-2015-4872
2,CVE-2015-4871
2,CVE-2015-4844
2,CVE-2015-4843
2,"CVE-2015-4842,CVE-2015-4843"
2,CVE-2015-4842
2,CVE-2015-4840
2,CVE-2015-4810
2,CVE-2015-3182
2,CORBA
2,C
2,Bundler
2,Attribute
2,APSB15-28
2,8
2,5.x
2,5.4
2,3.2.2
2,11.2.202.548
1,Žember
1,your
1,writingconfiguration
1,write
1,writable
1,world-readable
1,workingtogether
1,withroot
1,withintermittent
1,within
1,windowing
1,willbe
1,wide
1,white-space
1,whichfix
1,whichdoes
1,whichcorrects
1,whereit
1,where
1,whenthey
1,werepeering
1,webservers
1,webpage
1,web-based
1,weak
1,watchdog
1,warnings
1,viewer
1,very
1,version.This
1,version.Notable
1,version.(BZ#1234680)This
1,version.(BZ#1206680)Users
1,version.(BZ#1205554)Several
1,version.(BZ#1203889)Notably
1,version.(BZ#1199453)This
1,version.(BZ#1198265)The
1,version.(BZ#1174911)This
1,version.(BZ#1127908)This
1,"version,including:(BZ#1266915"
1,verify
1,variousbinutils
1,variety
1,variablein
1,var/lib/openhpi
1,var/lib
1,values
1,validating
1,utilities.Multiple
1,utilities.A
1,utilities.(CVE-2014-8737)This
1,usingprivilege
1,usinga
1,usingJAXP
1,usethis
1,usethese
1,uses
1,usersare
1,users.(CVE-2015-6563)A
1,userrunning
1,user's
1,usedworld-writeable
1,use-after-free
1,urllib)did
1,updating
1,up
1,unsets
1,unprivileged
1,unmounts
1,unlock
1,unless
1,unintendedrecipients
1,unexpectedtraces
1,unencrypted
1,underflow
1,under
1,unavailable
1,typing.Python
1,typewas
1,types
1,type
1,try
1,trusted
1,truncated
1,trigger
1,translates
1,transferred
1,traffic
1,toward
1,totrue
1,totrick
1,totake
1,torestrict
1,tooverride
1,toother
1,toolkit
1,tolower
1,toits
1,todisclose
1,tocross-site
1,tocreate
1,toconduct
1,toauthenticate
1,toHTTPS
1,tmp
1,timewith
1,timestampsin
1,thus
1,those
1,thisfunction
1,thisdefault
1,thisadvisory
1,this.Upstream
1,third
1,thesystem's
1,thestorage
1,thesize
1,thescripts
1,therest_proxy_call_get_url
1,therequires_preauth
1,theprefix
1,thepermissions
1,thenetstat
1,thenadd
1,them
1,theirinternal
1,theinput
1,thefollowing
1,thecommand
1,theclient's
1,theattacker-supplied
1,theapplication
1,theaffected
1,theReferences
1,thePluggable
1,theNetwork
1,theKerberos
1,theHorde
1,thathas
1,thatclaim
1,thatapplication
1,textual
1,text
1,terminator
1,termination
1,terminal
1,technologies
1,tagged
1,systems.(BZ#1252454)All
1,systematically
1,system.nfs4_acl
1,system.Without
1,system.It
1,"system,including"
1,system(DBMS).A
1,synchronizationwith
1,synchronization
1,supportedhardware
1,supportcross-platform
1,supplied
1,subvert
1,subsystem
1,subjectAltName
1,subject's
1,strings.As
1,stored
1,state
1,started
1,standardvariables
1,standards
1,stack-based
1,sssd.conf
1,spoof
1,spend
1,specification
1,sources.It
1,source.It
1,software
1,so
1,smtplib
1,smb.conf
1,situations
1,shell
1,sharing
1,shared
1,setting
1,sets
1,serverprocessed
1,servercould
1,server.An
1,sequence
1,separation
1,separate
1,sentence
1,sent
1,sensor
1,sendmail
1,securityof
1,section:This
1,section:Bugs
1,section.All
1,secret
1,searches
1,scriptsoutside
1,screen
1,saveunacknowledged
1,satisfied
1,sap_suse_cluster_connector
1,sanitychecking
1,sanitize
1,sanitising
1,same
1,runningFirefox
1,run
1,rubygem-thor
1,rubygem-bundler
1,rubygem
1,routes
1,router
1,roles
1,returned
1,return
1,restrictions.(CVE-2015-4835
1,restrictions
1,restartedfor
1,response
1,responding
1,respectively
1,resourcemodeling
1,resolver.A
1,resolver
1,requirements
1,requests.An
1,requesting
1,representremote
1,reporters.All
1,reporters
1,reported
1,replies
1,repeatably
1,renegotiation
1,remoteattacker
1,remains
1,relied
1,releasewhich
1,registered
1,referred
1,referenced
1,reference
1,refer
1,recursive
1,reception
1,receiveupdates
1,received
1,receive
1,rebuild
1,rebootedfor
1,rebooted
1,realm
1,reading
1,read-only
1,reaching
1,reached
1,raw_decode
1,random
1,rack
1,python
1,public
1,providing
1,protocol.A
1,property
1,properlycheck
1,promiscuous
1,programming
1,program-based
1,products
1,processedcertain
1,processamong
1,process.(CVE-2015-1822)A
1,privileges.(CVE-2015-5277)This
1,privilege
1,private
1,prior
1,prints
1,principal's
1,principal
1,previousversion:(BZ#1147982)This
1,previousversion
1,preventing
1,precomputation
1,precludes
1,practice
1,powerful
1,potentiallylead
1,postgresql
1,"possibly,execute"
1,possible
1,port
1,polling
1,png_set_PLTE
1,png_get_PLTE
1,plugin
1,plug-in.(CVE-2015-5292)This
1,plug-in.(CVE-2015-5292)The
1,plug-in
1,please
1,pgCryptoextension
1,permitted
1,permits
1,pdf.js
1,patterns
1,paths
1,pathname
1,passwordsover
1,password.(CVE-2015-2694)The
1,party
1,particular
1,parsing
1,parsed.(CVE-2015-4803
1,parameters
1,panic
1,pages
1,overwrite
1,out_of_process_instance.cc
1,out-of-bounds
1,othercomputers
1,oropened
1,originalreporter.The
1,org.apache.commons.collections.enableUnsafeSerializationis
1,orDNSSEC
1,operation
1,operateas
1,openssh
1,open-source
1,onthe
1,oneenhancement
1,on.It
1,omits
1,ofmachine
1,ofkeyboard-interactive
1,offset
1,off-line
1,off-by-one
1,off
1,ofWireshark
1,occurring
1,obtainthe
1,obtaining
1,objects.A
1,object-relational
1,object-oriented
1,objdump
1,objcopy
1,obfuscate
1,numerous
1,ntp
1,nss_files
1,notification
1,notfully
1,notes
1,note
1,notcorrectly
1,non-route
1,non-existent
1,nodes
1,nfs4_get_acl_uncached
1,networkconfiguration
1,network.Several
1,network.An
1,network-manager-applet
1,negotiating
1,negative
1,native
1,name.Red
1,multiplesources
1,mounts
1,most
1,moreinformation
1,more
1,modulesimplementing
1,"modules,classes"
1,modifying
1,modified
1,modern
1,mode
1,misaligned
1,minimal
1,migrate
1,might
1,metadatachecksumming
1,metacharacters
1,message
1,meet
1,may
1,matching
1,matches
1,master
1,maps
1,map
1,manualpage
1,manual
1,managing
1,"manager,evaluated"
1,management
1,managed
1,man
1,maintainapplication
1,maintain
1,made
1,machine
1,lrmd
1,low
1,loss
1,loop
1,lookup/rainbow
1,lookup
1,longerlogged
1,long-term
1,login
1,locateand
1,loading
1,load
1,listed
1,list
1,limited
1,lifetime
1,lifecycle
1,"life,across"
1,libvirt
1,libssh2performed
1,library.(CVE-2015-7183)Red
1,"libraries,and"
1,libpng
1,libX11
1,lib/mail/network/delivery_methods/file_delivery.rb
1,level
1,lead
1,large
1,languages
1,languageoften
1,lacks
1,krb5_read_message
1,krb5_data
1,known
1,keysused
1,keys
1,kex_agree_methods
1,kerberos.An
1,kdcpreauth
1,jsonb
1,joins
1,join
1,java-1.8.0-ibm
1,java-1.7.0-ibm
1,java-1.6.0-ibm
1,java-1.5.0-ibm
1,iteasier
1,itcould
1,issues.All
1,issue.Notably
1,issue.IBM
1,isallowed
1,invalid
1,interval
1,interpretedlanguages
1,interfaces.A
1,interfacename
1,interfacebetween
1,interface.It
1,interactive
1,intent
1,intendedto
1,integrity
1,instancesof
1,installingthe
1,installed
1,insecure
1,inrealms
1,inject
1,initial
1,inglibc's
1,inglibc
1,information:https://access.redhat.com/articles/2039563All
1,indexarguments
1,increase
1,incorrect
1,incomplete
1,incoming
1,including
1,include:(BZ#1117882)This
1,include/X11/Xlibint.h
1,inaccessible
1,inOpenJDK
1,improve
1,implements
1,igb_receive_skb
1,igb
1,httplib2
1,hotswap
1,hosts
1,hostname
1,hosting
1,"host,which"
1,hold
1,hijackconnections
1,high
1,helper
1,help
1,heap(depending
1,heap
1,headers
1,header
1,"hardware,typically"
1,handshake
1,handling
1,handledits
1,handledcertain
1,gzip-compressed
1,guessingattacks
1,guard
1,group.The
1,gpsd
1,getxattr
1,gethostbyname_r
1,getaddrinfo()function
1,generating
1,generate
1,gems
1,gain
1,functors
1,functionscould
1,fullycompromise
1,fully
1,fs/nfs/nfs4proc.c
1,frameworks.A
1,frame
1,forthe
1,forreporting
1,form
1,force_standard_program_map_env
1,force
1,forbuilding
1,forRESTful
1,fnmatch
1,flag
1,fixthese
1,fixed:Enhancements
1,fixation
1,fix
1,first
1,final
1,fill
1,filesystem
1,files.A
1,fields
1,field
1,fgrep.A
1,failure.A
1,facilities.A
1,extended
1,expressed
1,exposure
1,exploiting
1,exploit
1,exists
1,exim
1,execution
1,exchange.This
1,exchange
1,exceptions
1,events
1,event
1,even
1,establish
1,escape
1,escalation
1,errors
1,erase
1,entire
1,enrollment
1,"enough,IPv6"
1,enhancements:Users
1,endless
1,encountering
1,enablecertificate
1,emulator
1,embedder
1,eliminating
1,either
1,egrep
1,effectively
1,eavesdrop
1,easily
1,during
1,duplicates
1,dump
1,due
1,dropped
1,drivers/net/igb/igb_main.c
1,domain.A
1,documenting
1,documentation
1,disturb
1,distribution
1,distributed
1,display
1,disk
1,discovery
1,disclosure
1,directed
1,differentflaw
1,dictionary
1,devicesand
1,developers
1,detects
1,detail
1,destination.(CVE-2015-2924)The
1,desktops
1,desktop
1,deserialization
1,deserialisation
1,descriptors
1,dependencies
1,demonstrated
1,delivery
1,delete
1,"delegations,consuming"
1,delay
1,decrypt
1,debugging
1,database
1,current
1,crypt
1,cross-origin
1,credentialacquisition
1,credential
1,created
1,crashgrep
1,crash.(CVE-2014-8241)The
1,couldpossibly
1,couldcrash
1,corrupted
1,corrupt
1,corrects
1,correctly
1,cookie
1,controls
1,continue
1,contextQuerying
1,contents
1,containFirefox
1,construct
1,constraints
1,considered
1,consider
1,connections.It
1,connections
1,connection
1,configuring
1,configures
1,configurations
1,condition
1,computing
1,computer's
1,computed
1,compromise
1,components
1,"compatibility,verification"
1,compared
1,communication
1,commons-collections
1,common
1,command-line
1,combinations
1,collection
1,cluster
1,clocks
1,clock
1,clients.The
1,clients
1,classes
1,ciphertextencrypted
1,ciphertext
1,cipher
1,chunk
1,chronyc
1,chassis
1,character
1,certificates
1,certainmalformed
1,certainaddresses
1,certainSNMP
1,center
1,causing
1,causethe
1,causeit
1,causeflash-plugin
1,causean
1,"cases,this"
1,cases
1,cascade
1,captureand
1,cansuccessfully
1,callthe
1,calls
1,called
1,callany
1,caching
1,caches
1,cache
1,byvarious
1,bydefault
1,busy.It
1,bugs:The
1,bugfixes
1,brute-force
1,brute
1,browser.A
1,browse
1,broadcast
1,bookmark
1,bit-depth
1,binary
1,because
1,basedclusters
1,backwards
1,backports
1,back-end
1,availability
1,automounter
1,automount
1,authenticationmechanisms.It
1,authenticationmechanisms
1,attribute
1,attempt
1,attackerable
1,at
1,asto
1,associated
1,assign
1,aspecially
1,argumentscould
1,arguments
1,architectures.All
1,architectures
1,applicationsdeserialising
1,applicationmemory
1,application's
1,apluggable
1,aplatform-independent
1,anywhere
1,animplementation
1,anextensible
1,anewline
1,andserver.A
1,andother
1,andinventory
1,andenhancements
1,andable
1,anattacker
1,anarbitrary
1,analyzer
1,anactive
1,anIP
1,amountof
1,amisaligned
1,amatch
1,amalicious
1,allrunning
1,allowsusers
1,allocating
1,advertisements.An
1,advertised
1,administration
1,adjacent
1,adhere
1,addresses
1,adding
1,added:All
1,actions
1,acrafted
1,aclient
1,accesscould
1,accept
1,about
1,ability
1,Zbarsky
1,Yang
1,YYYYWith
1,XXXX
1,XULRuntime
1,XULRunner
1,XRegion.A
1,X11R6.x
1,X11
1,Withoutthese
1,WhileClosure
1,Vytautas
1,Virtualization
1,Virtual
1,VLANs
1,VLAN
1,UpdateRelease
1,University
1,Unable
1,URLscontaining
1,URLs
1,URLencoded
1,TysonSmith
1,Tomlinson
1,Tomek
1,Tk/Perl
1,Tk
1,TigerVNC's
1,Thesepackages
1,Thedaemon
1,Technology
1,Tcl
1,TLS/SSL
1,Supplementary
1,Sumit
1,Staraitis
1,Spacewalk
1,Space
1,SoftwareMaintenance
1,Slebodník
1,Single
1,SimpleNetwork
1,SignatureOrSystem
1,Signature
1,Shinto
1,Shell
1,SharonGoldberg
1,Shankar
1,SetReqLen
1,Set-Cookie
1,Session
1,"Serialization,and"
1,September2015
1,Secure
1,Scheme
1,Same
1,SWFcontent
1,SUSE
1,SSH_MSG_KEXINIT
1,SSH2
1,SR9-FP20
1,SR2
1,SR16-FP15
1,SR16-FP14
1,SR-IOV
1,SP2
1,SNMPtrap
1,SNMPagents
1,SECURITY-218
1,SA
1,Ruderman
1,Router
1,Root
1,Ronald
1,Resource
1,RequestForgery
1,Release
1,Referencessection.Customers
1,Randell
1,Rack::Cache
1,Race
1,Rabczak
1,RMIcomponents
1,RMI
1,RFC
1,RAs
1,RApacket
1,PuTTY
1,PrototypeSerializationFactory
1,Protocol(LDAP
1,PostgreSQL's
1,Portal:https://access.redhat.com/articles/2050743All
1,Poole
1,Policy
1,Platform
1,Pettay
1,Perl
1,Pacemaker.It
1,PNG
1,PDF
1,Origin
1,OpenSSL-style
1,OpenOffice
1,OpenLDAP.A
1,OpenHPI-related
1,OpenBSD's
1,Olli
1,OTP
1,OQ
1,OAuth
1,No
1,NetworkManager-libreswan
1,NetWeaver
1,Neighbor
1,NTPv4
1,NTPservers
1,NOTIFY_SOCKET
1,NMEA0183
1,NFSv4
1,NCC
1,Myllynen
1,Motif
1,Modules
1,Miroslav
1,Michał
1,MaxAuthTries
1,Marko
1,Manager
1,Malhotra
1,MakeBigReq
1,Major
1,Mac
1,MTUvalues
1,MTUs
1,MTU
1,MFC).It
1,Lukáš
1,Looben
1,Loginterfaces
1,Liu
1,Lightweight
1,Lichvár
1,LibreOffice
1,Kwong
1,Kit.Multiple
1,Kerberoschild
1,Karl
1,KDC).It
1,K
1,Jesup
1,Jesse
1,JeffWalden
1,Javamust
1,JGSS
1,Isaac
1,"InvokerTransformer,PrototypeCloneFactory"
1,Internet
1,Interface
1,Intel
1,Institute
1,InstantiateTransformer
1,Information
1,Incase
1,Identity
1,IdM).The
1,IP
1,IO_wstr_overflow
1,IHDR
1,IBM's
1,I/O
1,However
1,Holler
1,HatEnterprise
1,Hat.This
1,Hat.These
1,Hat.All
1,Hardware
1,Hao
1,HPI).HPI
1,HPI
1,Group
1,Grieco
1,Got
1,Google
1,Gigabit
1,Georgia
1,Gary
1,GPS
1,GNUgrep
1,Future
1,Framework
1,Forum's
1,"ForClosure,InstantiateFactory"
1,Firefox.Several
1,Event
1,Ethernet
1,EnterpriseLinux
1,Engineering
1,End
1,Ehsan
1,EOS
1,ECH
1,E
1,DiscoveryICMP
1,Diffie-Hellman
1,Deprecated
1,DOC
1,DBus
1,Customersare
1,Customer
1,Cross-Site
1,Crane
1,Corosync
1,Computing
1,Common
1,Cohen
1,CloneTransformer
1,Classes
1,Chrome
1,Christian
1,CVE-2015-8074
1,CVE-2015-8073
1,CVE-2015-8044
1,"CVE-2015-8043,CVE-2015-8044"
1,CVE-2015-8043
1,CVE-2015-7704)Red
1,CVE-2015-7663
1,"CVE-2015-7662,CVE-2015-7663"
1,CVE-2015-7662
1,CVE-2015-7661
1,"CVE-2015-7660,CVE-2015-7661"
1,CVE-2015-7660
1,CVE-2015-7658
1,"CVE-2015-7657,CVE-2015-7658"
1,CVE-2015-7657
1,CVE-2015-7656
1,"CVE-2015-7655,CVE-2015-7656"
1,CVE-2015-7655
1,CVE-2015-7653
1,"CVE-2015-7652,CVE-2015-7653"
1,CVE-2015-7652
1,CVE-2015-7651
1,"CVE-2015-7648,CVE-2015-7651"
1,CVE-2015-7647
1,CVE-2015-7645
1,CVE-2015-7644
1,"CVE-2015-7642,CVE-2015-7643"
1,CVE-2015-7641
1,CVE-2015-7640
1,CVE-2015-7639
1,"CVE-2015-7637,CVE-2015-7638"
1,CVE-2015-7636
1,CVE-2015-7635
1,CVE-2015-7634
1,"CVE-2015-7632,CVE-2015-7633"
1,CVE-2015-7631
1,CVE-2015-7630
1,CVE-2015-7629
1,"CVE-2015-7627,CVE-2015-7628"
1,CVE-2015-7626
1,CVE-2015-7625
1,CVE-2015-7197)A
1,"CVE-2015-7196,CVE-2015-7198"
1,CVE-2015-7194
1,CVE-2015-7193)A
1,CVE-2015-7189
1,CVE-2015-7188)Red
1,CVE-2015-6611
1,CVE-2015-6608
1,CVE-2015-6564)It
1,CVE-2015-6248)The
1,CVE-2015-6246
1,"CVE-2015-6244,CVE-2015-6245"
1,CVE-2015-6243
1,CVE-2015-5600)It
1,CVE-2015-5569
1,CVE-2015-5289)Please
1,CVE-2015-5288)A
1,CVE-2015-5006)Red
1,CVE-2015-4911)It
1,CVE-2015-4903)Red
1,CVE-2015-4903
1,"CVE-2015-4902,CVE-2015-4903)Red"
1,"CVE-2015-4893,CVE-2015-4902"
1,CVE-2015-4882
1,CVE-2015-4881
1,CVE-2015-4872)Multiple
1,"CVE-2015-4860,CVE-2015-4805"
1,"CVE-2015-4844,CVE-2015-4860"
1,CVE-2015-4844)Multiple
1,"CVE-2015-4843,CVE-2015-4844"
1,"CVE-2015-4806,CVE-2015-4882"
1,CVE-2015-4806
1,CVE-2015-4805
1,CVE-2015-4513
1,CVE-2015-3813
1,CVE-2015-3812
1,CVE-2015-3811
1,CVE-2015-3276)This
1,CVE-2015-3248)This
1,CVE-2015-3225)Red
1,CVE-2015-2704)It
1,CVE-2015-2675)All
1,"CVE-2015-2191,CVE-2015-3810"
1,CVE-2015-2189
1,CVE-2015-2188
1,CVE-2015-1867)The
1,CVE-2015-1853)These
1,CVE-2015-1821)An
1,CVE-2015-1782)This
1,CVE-2015-1781)A
1,CVE-2015-1781
1,CVE-2015-1473)An
1,CVE-2015-1472
1,CVE-2015-1345)This
1,CVE-2015-0564
1,"CVE-2015-0562,CVE-2015-0563"
1,CVE-2015-0272)A
1,CVE-2014-9365)Note
1,CVE-2014-8738)An
1,CVE-2014-8714
1,CVE-2014-8713
1,CVE-2014-8712
1,"CVE-2014-8710,CVE-2014-8711"
1,CVE-2014-8602)This
1,"CVE-2014-8503,CVE-2014-8504"
1,CVE-2014-8502
1,CVE-2014-8501
1,CVE-2014-8485
1,CVE-2014-8484)A
1,CVE-2014-8240)A
1,CVE-2014-8169)Note
1,CVE-2014-8119)This
1,CVE-2014-7185)A
1,CVE-2014-5355)A
1,CVE-2014-4650)An
1,CVE-2014-4616)The
1,CVE-2014-3565)This
1,CVE-2013-7423)A
1,CVE-2013-1753)It
1,CVE-2013-1752)It
1,CVE-2013-0334)Bundler
1,CVE-2012-2150)The
1,CVE
1,CSRF
1,CPU
1,CORS
1,CN
1,CGIHTTPServer
1,Bulletins
1,Bulletin
1,Buffer
1,Boston
1,Bose
1,Boris
1,Bluetooth
1,Bentkowski
1,Base(MIB
1,BZ#1243057)Bugs:Enhancements:NetworkManager
1,BZ#1238676)This
1,BZ#1238238)This
1,BZ#1223991)Users
1,BZ#1219108)This
1,BZ#1209921)All
1,BZ#1205751)The
1,BZ#1197730)The
1,BZ#1195762)A
1,BZ#1194243
1,BZ#1177582
1,BZ#1150184)In
1,Authentication
1,As
1,Arjun
1,Application
1,Apache
1,"Anto,Gustavo"
1,Aman-in-the-middle
1,Akhgari
1,Advertisements
1,Additionally
1,Active
1,Access
1,Aanchal
1,AUTOFS
1,"APSB15-25,APSB15-27"
1,API
1,AIS
1,9.4.x
1,9.4.5
1,9.3.x
1,9.3.10
1,7.2Release
1,7.2
1,5905
1,5.1
1,5.0.1
1,5
1,46.0.2490.86
1,42.0
1,4.4.6
1,4.4
1,4.1.2
1,38.x
1,38.4.0
1,38.4
1,3.9
1,3.7.2
1,3.4.0
1,3.20.x
1,3.20.1
1,3.2.4
1,"3.2.3,although"
1,3.19.2.1
1,3.10.0-229.20.1
1,2D
1,24371736
1,23953967
1,23912202
1,23905951
1,23876444
1,23756261
1,23696300
1,23680780
1,23658148
1,23600291
1,23542352
1,23542351
1,23541506
1,23540907
1,23515142
1,23284974
1,2039753
1,2015-10-08
1,2013-6466
1,2.6.40
1,2.6.39
1,2.6.34
1,2.4.40
1,2.4.4
1,2.4.3
1,2.1.1
1,19779574
1,14388161
1,11
1,1.7.8
1,1.638
1,1.625.2
1,1.6.x
1,1.6.19
1,1.6.0
1,1.5.x
1,1.5.24
1,1.4.x
1,1.4.17
1,1.3.x
1,1.3.1
1,1.2.x
1,1.2.54
1,1.19.1
1,1.13.2
1,1.13.0
1,"1.10.14,which"
1,1.1.x
1,1.1.13
1,1.1
1,1.0.64
1,1.0.6
1,1.0.0-0.8.1
1,0.9.143
1,0.8
1,0.7.2
1,0.66
1,0.3.0
1,0.2.8
1,0.16.1
1,$GPGGA
