62,mysql
47,remote
54,server
56,vulnerability
40,chrome
35,allowed
35,google
32,versions
28,html
28,cvss
24,page
23,data
20,file
18,unauthorized
18,result
18,buffer
16,network
16,attacks
17,service
15,impacts
15,compromise
15,component
15,attackers
14,subcomponent
14,privileged
14,denial
14,supported
14,oracle
14,base
13,protocols
14,overflow
12,nginx
12,ability
13,insufficient
11,repeatable
11,memory
11,hang
11,frequently
11,complete
12,dos
10,corruption
10,easily
9,bypass
9,omnibox
8,vulnerable
8,policy
8,low
11,heap
8,compiled
8,url
8,innodb
7,worker
7,leak
7,enforcement
7,ghostscript
7,artifex
6,stack
6,ngx_http_mp4_module
6,mp4
6,high
6,execution
6,directive
6,configuration
6,authentication
9,client
5,validation
5,spoof
6,security
5,sandbox
5,perform
5,over-read
5,excessive
5,delete
7,ceph
5,built
5,bar
5,able
5,xss
5,integrity
5,extension
5,cvss:3.0/av:n/ac:l/pr:l/ui:n/s:u/c:n/i:n/a:h
4,update
4,send
4,restrictions
4,pointer
4,packet
4,ngx_http_v2_module
4,malicious
4,listen
4,insert
4,http2
4,heap-based
4,contents
4,bounds
4,qemu
4,http/2
4,difficult
4,cpu
4,write
3,well
3,struct
3,run
4,protocol
3,programs
4,out-of-bounds
3,messages
3,loop
3,local
3,libarchive
3,jquery
3,infinite
3,free
3,files
3,cross-origin
3,confusion
3,tcp
3,libtiff
3,inappropriate
3,devtools
4,curl
3,blink
2,victim
2,usage
2,traffic
2,talloc_free
2,system
2,subset
2,string
2,stack-based
2,similar
2,signature
2,segments
2,root
2,regular
2,reassembly
2,protection
2,products
2,privileges
2,principal
2,payload
2,overrun
2,outside
2,origin
2,networking
2,module
2,mishandled
2,mimic
2,mechanism
2,master
2,luminous
2,library
2,jewel
2,involving
3,integer
2,input
2,image
2,handled
2,expression
2,exposure
2,execute
2,easy
2,determine
2,dereference
2,consumption
2,command
3,cluster
2,closing
2,character
2,certificate
2,cephx
2,causes
2,calls
2,branches
2,believed
2,autofill
2,authenticated
2,allowing
2,additional
2,samba's
2,sasl
2,quic
2,perl
2,pdfium
2,pdf
2,openjpeg
2,linux
2,kdc
2,firefox
2,ddl
2,confidentiality
2,cvss:3.0/av:n/ac:l/pr:h/ui:n/s:u/c:n/i:n/a:h
2,api
1,writes
1,whether
1,web
1,watchos
1,value
1,validly
1,validity
1,use-after-free
1,unrelated
1,unprivileged
1,unaffected
1,two
1,twice
1,tvos
1,trusted
1,trivially
1,trimming
1,tools/tiff2bw.c
1,tools/ppm2tiff.c
1,tools/pal2rgb.c
1,tool_msgs.c:voutf
1,time
1,tif_write.c
1,terminating
1,tcp_prune_ofo_queue
1,tcp_collapse_ofo_queue
1,talloc
1,system's
1,svr-auth.c
1,supply
1,supplied
1,sufficient
1,subsequently
1,structures
2,storage
1,steps/mail/func.inc
1,status
1,statements
1,sql/event_data_objects.cc
1,spent
1,space
1,socially
1,snapshot
1,smart-card
1,sizes
1,size
1,site
1,significantly
1,signed
1,shfill
1,setup
1,setuid
1,setcolorspace
1,serialization
1,sensitive
1,selectors
1,segment
1,scripts
1,saved
1,sapi/apache2handler/sapi_apache2.c
1,salt-api
1,runtar
1,robust
1,requests
1,request
1,reporting
1,replication
1,replicate
1,renderer
1,remains
1,reliable
1,relatively
1,referrer
1,red
1,recv_msg_userauth_request
1,recursion
1,receiving
1,reassemble
1,queue
1,qemu_deliver_packet_iov
1,psi/zicc.c
1,psi/zfjbig2.c
1,psi/zfile.c
1,psi/zdevice2.c
1,prone
1,prompt
1,position
1,pools
1,php_handler
1,pgxtovolume
1,perpetually
1,permits
1,permissions
1,permission
1,periodically
1,performance
1,peer
1,pcnet_receive
1,packets
1,packet-parsing
1,ordering
1,operators
1,operator
1,operations
1,onload
1,occur
1,number
1,nulling
1,nodes
1,net/net.c
1,navigation
1,multiply_ms
1,monitor
1,mon
1,modification
1,missing
1,mishandling
1,mediafile
1,match
1,manipulate
1,make
1,machine
1,macos
1,lt;svg&gt;&lt;style&gt
1,low-order
1,looking
1,logon
1,linked
1,linearly
1,limiting
1,libde265
1,leverages
1,less
1,leaked
1,leading
1,language
1,lacked
1,kernel
1,jp3d/convert.c
1,jp2/convert.c
1,javascript
1,jquery(strinput
1,issues
1,invalid
1,interpreter
2,international
1,int32
1,installation
1,inspecting
1,inside
1,injection
1,inject
1,infrastructure
1,infer
1,inexecution
1,inefficient
1,inefficiency
1,incomplete
1,incoming
1,improved
1,imagetopnm
1,images
1,itunes
1,ios
1,icloud
1,hw/net/pcnet.c
1,holds
1,history
1,handles
1,guest
1,grow
1,greater
1,granted
1,giving
1,gestures
1,generated
1,functionality
1,frees
1,freed
1,forced
1,flexibility
1,fixed
1,field
1,fashion
1,far
1,exploiting
1,exploitability
1,explicitly
1,expensive
1,existence
1,executes
1,every
1,event
1,even
1,escape
1,errorhandler
1,erroneously
1,enumeration
1,entry
1,entice
1,ensure
1,engineered
1,emulator
1,emulation
1,element
1,e.g
1,dropping
1,dragging
1,double-free
1,done
1,domain
1,directly
1,differentiate
1,device
1,determined
1,demarshalling
1,deletion
1,degrade
1,definition
1,deems
1,date
1,dsafer
1,critical
1,creation
1,cptags
1,cost
1,corrupt
1,control
1,content
1,consume
1,construct
1,confusable
1,configured
1,condition
1,compromised
1,community
1,common
1,commands
1,codebase
1,cleaning
1,chunked
1,checking
1,checked
1,check
1,characters
1,call
1,calculations
1,calculation
1,bucket
1,browsing
1,brigade
2,body
1,bmp2tiff
1,bits
1,bindings
1,binary
1,beginning
1,bandwidth
1,backup
1,attribute
1,attempting
1,attachment
1,array
1,arguments
1,archive_wstring_append_from_mbs
1,archive_string.c
1,archive_read_support_format_cab.c
1,archive_read_format_cab_read_header
1,archive_le32dec
1,archive_endian.h
1,archive
1,applications
1,anywhere
1,anonymity
1,and/or
1,alter
1,already
1,algorithm
1,address
1,activity
1,activate
1,accepts
1,accept
1,abort
1,adenial
1,`curl_close()`
1,xtradb
1,windows
1,webui
1,webgl
1,webassembly
1,unicode
1,uxss
1,traversal
1,transfer-encoding
1,tormoil
1,tor
1,timing
1,tails
1,tiffwritescanline
1,skia
1,scripting
1,samba
1,saltstack
1,salt
1,safari
1,ssh_msg_userauth
1,sql
1,spice
1,spake2
1,snmp
1,sha512(password
1,roundcube
1,resource
1,rtsp
1,postscript
1,percona
1,php
1,options
1,one
1,nic
1,ne2000
1,myisam
1,mariadb
1,live555
1,ldap
1,jbig2decode
1,ipc
1,int_max
1,icu
1,handler
1,http
1,gpu
1,freebsd
1,external
1,engines
1,encryption
1,dropbear
1,downloads
1,directory
1,cross-site
1,components
1,catalog
1,cvss:3.0/av:n/ac:l/pr:l/ui:n/s:u/c:n/i:l/a:n
1,cvss:3.0/av:n/ac:l/pr:l/ui:n/s:u/c:n/i:l/a:h
1,cvss:3.0/av:n/ac:l/pr:h/ui:n/s:u/c:n/i:h/a:h
1,cvss:3.0/av:n/ac:h/pr:l/ui:n/s:u/c:l/i:n/a:n
1,cvss:3.0/av:n/ac:h/pr:h/ui:n/s:u/c:n/i:l/a:h
1,cvss:3.0/av:n/ac:h/pr:h/ui:n/s:u/c:l/i:l/a:n
1,cvss:3.0/av:l/ac:h/pr:h/ui:n/s:c/c:n/i:n/a:h
1,cve-2018-17183
1,cve-2018-15473
1,cve-2016-7977
1,cname
1,c/c++
1,browser
1,boringssl
1,blob
1,auditor
1,apache2
1,amanda
1,as-req
1,acl
1,<p/>
1,9.21rc1
1,7.2.x
1,7.1.x
1,7.0.x
1,5.7.x
1,2018.3.x
1,11.2-release-p1
1,11.1-release-p12
1,10.4-release-p10
1,10.2.x
