133,the
126,allows
108,remote
98,attackers
98,and
97,via
53,arbitrary
41,which
42,users
40,cause
43,service
37,local
36,denial
35,execute
37,earlier
34,code
30,that
32,files
27,overflow
25,for
24,long
27,request
21,gain
20,allow
21,http
18,with
18,before
18,from
17,php
29,buffer
21,web
15,script
22,vulnerability
21,privileges
14,not
13,through
13,possibly
13,includedir
12,when
12,obtain
12,could
16,access
15,variable
16,user
13,root
11,other
11,malformed
28,file
19,server
13,sites
9,traversal
9,sets
9,large
9,include
19,directory
9,certain
12,windows
10,parameter
10,option
8,does
8,bypass
8,imail
15,cisco
7,using
7,such
7,properly
8,password
15,dot
7,configuration
10,command
8,url
7,messenger
6,used
8,string
6,sensitive
7,running
6,read
6,overwrite
6,number
6,containing
6,causes
6,attacker
9,attack
6,are
7,linux
8,ipswitch
7,ftp
6,explorer
5,symlink
5,setting
7,requests
5,may
5,line
5,including
5,different
5,tcp
9,internet
4,stores
4,series
7,security
4,plaintext
4,passwords
4,page
4,null
4,modifies
5,methods
4,mail
8,information
4,exhaustion
6,enabled
4,enable
6,database
8,crash
4,contains
7,characters
6,aka
5,telnet
4,microsoft
5,instant
4,ipso
4,cbos
4,apache
4,aol
7,memory
4,application
4,aim
3,without
3,whose
3,while
3,use
4,type
3,their
3,temporary
4,spoofing
3,signal
3,servers
3,run
3,readmail.cgi
3,reading
3,processed
3,path
3,overflows
5,names
5,multiple
4,message
4,log
3,list
3,kernel
3,index
3,included
6,format
3,field
3,drop
5,directories
3,daemon
4,contents
3,contain
4,commands
3,automatically
3,accessing
3,vpn-1/firewall-1
3,unix
3,solutions
3,solaris
5,software
3,sensor
3,secure
3,rpc
3,protocol
3,pack
4,pop3
3,pam
3,micro
5,manager
3,mime
3,lan
3,intrusion
4,guildftpd
4,get
3,edition
4,detection
3,air
3,slash
3,amlserver
5,sendmail
2,within
2,web-based
2,view
2,version
3,various
2,valid
2,uploading
2,update.symantec.com
2,unauthorized
2,trusted
2,then
2,than
2,text
2,tags
2,specified
2,source
4,site
3,setuid
2,session
7,services
2,sending
3,restrictions
3,queue
2,query
2,provide
2,printer
2,predictable
2,potentially
2,port
2,placed
4,pine
2,pico
2,pfm.log
2,partially
2,outside
2,operations
2,one
2,name
2,modules
2,modifying
2,modified
4,mode
2,mbx
2,mailboxes
2,macro
2,logs
2,linked
3,length
2,leak
2,later
2,invalid
2,interface
2,installed
3,image
2,iplanet
2,hostname
2,home
2,hijack
2,high
4,header
2,handling
2,handled
6,function
2,followed
2,fmt
3,firewall
3,executed
2,environmental
2,enter
2,editor
2,dtml-var
2,directly
2,debug
4,data
2,controls
2,consumption
2,come
4,character
2,can
3,authentication
2,authenticated
2,attribute
4,argument
2,applications
2,appear
2,actual
2,absolute
2,zope
3,webid
2,visorphone
2,v4r1
2,urls
2,url-encoded
2,securid
2,syn
3,router
2,route
2,restrictqueuerun
2,realsecure
2,rsa
2,rpm
2,radius
2,progress
2,pix
2,omnihttpd
2,node
2,network
2,mysql
2,multiviews
2,management
2,liveupdate
2,interscan
2,iss
2,ios
2,imp
2,icmp
2,horde
2,html
2,hp-ux
2,helo
2,enterprise
3,encoding
2,echo
2,desktop
2,dns
2,computalynx
2,compaq
2,cmail
2,cgi
2,aix
2,ace/agent
2,9.1c
2,8.3d
2,4.3(2)g
2,bdl
2,ping
3,hang
2,pfm
3,cpu
2,m=d
3,trend
2,symantec
2,bisonftp
1,~/.ssh/authorized_keys2
1,xlock
1,xloadimage
1,xli
1,xinetd
1,writing
1,width
1,webmail
1,weakly
1,vulnerabilities
1,vtys
1,viewing
1,versions
1,variant
2,variables
1,values
1,value
1,uuq
1,util-linux
1,uses
2,username
1,upper
1,unprivileged
1,unmount
1,under
1,unathorized
1,types
1,trying
1,triggering
1,time
1,three-way
1,third
1,template
1,tag
1,table
2,systems
4,system
1,syslog
1,sysklogd
1,symlinks
1,symbolic
1,symbol
1,switches
1,svc_logprint
1,support
1,supplemental
1,su-wrapper
1,strings
1,stream
1,stop
1,sqlcpp
1,spoof
1,split-logfile
1,spend
1,specifies
1,specifiers
1,spawning
1,space
1,some
1,single
1,sigreturn
1,several
1,setoption
1,setgid
3,set
1,sessions
2,sequences
2,scripts
1,scripting
1,scotty
1,scan
1,rpc.yppasswdd
1,rpc.ttdbserverd
2,routine
1,routers
1,rewritten
1,rewrite
1,restricted
1,restrict
1,restarted
1,responses
1,response
1,resources
1,requested
1,rendering
1,related
1,redirection
1,records
1,radiusd
1,queried
2,ptrace
2,programs
2,program
1,products
1,produces
1,procmail
1,processes
1,process_write_regs
1,process
1,printmail.cgi
1,print
1,present
1,prepending
1,preparing
1,possible
1,ports
1,portmap
1,plain
1,physical
1,phormationdir
1,pathname
1,passed
1,pam_limits
1,packs
3,packets
1,packet
2,package
1,puser.dat
1,orarx
1,operating
1,opening
1,olduser
1,ofcscan.ini
1,object
1,ntping
1,normally
1,non-standard
1,nickname
1,newgrp
1,new
1,nested
1,neighbor
1,my.ini
1,muxatmd
3,module
1,method
1,messages
1,menus
1,memberships
1,mapper
1,make
1,mailbox
1,lpd
1,lowering
2,loss
1,login
1,logged_in
1,load
2,link
1,letters
1,leaks
1,launch.asp
1,larger
1,ktvision
1,klogd
1,keys
1,keypairs
1,key
1,job
1,itself
1,items
1,into
1,integrity
1,installing
1,injection
2,initial
1,inherit
1,independently
1,incomplete
1,inclusion
1,implementation
1,identify
1,ident
1,icon
1,hotdownload
1,hop
1,hide
1,have
1,has
1,handshake
1,handle
1,groups
1,global
1,getmodifiers
1,generates
1,forwarding
1,form
1,fonts
2,flood
1,flat
1,flags
1,first
1,fewer
1,extra
1,extension
1,execution
1,executable
1,exec
1,evade
1,etc
1,escape
2,environment
1,entry
2,entries
1,ensure
1,engine
1,endpoint
1,end
1,encrypted
1,encoded
1,email
1,elevate
1,e-mail
1,during
2,dump
1,due
1,download
1,dotless
1,document
1,distributions
1,display
1,disable
1,determines
1,determine
1,described
1,default.usr
1,default
1,deeply
1,debugging
1,custom
1,cryptography
1,credentials
1,crafted
1,count
1,cosmicpro.cgi
1,corrupts
1,corruption
1,corrupted
2,core
1,conventions
1,content
1,consume
1,connections
1,connection
1,connect
1,configured
1,conduct
1,condition
1,comments
1,client
1,cleartext
1,claimed
1,changes
2,change
1,cfingerd
1,causing
1,case
1,card
2,calls
1,calling
1,call
1,bytes
1,buddy
1,bit
1,been
1,bctool
1,back-end
1,avpkeeper
1,audit
1,attacks
1,attachments
1,associated
1,article.php
1,arguments
1,architecture
2,anonymous
1,announcements
1,amount
1,already
1,alerts
1,agent
1,administrator
3,addresses
2,address
1,additional
1,activities
1,across
1,about
1,sqlschema
1,sqldump
1,probrkr
1,proapsv
1,mprshut
1,mprosrv
1,zorbstats
1,zorbat
2,zone
1,xuserfilesearchpath
1,xpu
1,xfilesearchpath
1,xchat
1,webpaging
1,webodex
1,webtool
1,webmanager
1,web-enabled
1,wav
1,visor
1,viruswall
1,virus
1,virtualcatalog
1,virtualcart
1,unicode
2,uri
1,tooltalk
1,terminal
1,typsoft
1,tftp
1,super-h
1,status
1,standby
1,spytech
1,spyanywhere
1,springboard
1,snort
1,snes9x
1,shambala
1,sequence
1,stor
1,sql
1,sp4
1,sms
1,show
1,routing
1,register
1,red
1,record
1,rommon
1,retr
1,reply
1,publisher
1,processor
1,pro
1,powerpoint
1,postnuke
1,portal
1,poll
1,phorecast
1,perception
1,protermcap
1,promsgs
1,phpadsnew
1,openview
1,omnicron
1,officescan
1,officeconnect
1,ocr812
1,numbers
1,novell
1,nfuse
1,netbsd
1,nvram
1,nfs
1,nat
1,more.groupware
1,modifiers
1,messaging
1,merit
1,mediratta
1,mailserver
1,mac
1,ms-dos
1,lucent
1,logline
1,location
1,liteserve
1,lastname
1,kaspersky
1,kde
1,kav
1,jetico
1,jpeg
1,invocation
1,intranet
1,icecast
2,iis
3,ids
1,httpsave.dll
1,hot
1,host
1,heap
1,hat
1,hart
1,handspring
2,hsrp
1,groupwise
1,gateway
1,gallery
1,gnu/linux
1,gif
1,getproperties
1,getattributenames
1,firstname
1,faces
1,exchange
1,excel
1,engarde
1,empris
1,dynfx
1,dragon
1,discovery
1,digital
1,defender
1,debian
1,dark
1,dsl
1,cosmicperl
1,corporate
1,content-type
1,concentrator
1,common
1,citrix
1,cayman
1,catalyst
1,catalogmgr.pl
1,calendar
1,cve-2001-0150
2,cdp
1,cccsoftware
1,ccc
1,buster
1,bharat
1,bestcrypt
1,basic
2,bsm
1,bsd-based
1,bsd
1,appliances
1,agents
1,active
1,actionpoll
1,awol
1,ascii
1,allow_line_parsing
1,adsl
1,acs
1,a-ftp
1,6.x
1,5.x
1,4.x
1,4.0.x
1,4.0.2.x
1,3220-h
1,3.6b
1,2.4.x
1,2.2.x
1,2.1.8.9pre11-1
1,12.1dc
1,12.1(3)t
1,12.1(2)t
1,1.2.x
1,servlet/webacc?user.html
1,bin/login
1,nofinger
1,yppasswd
1,reload
1,incorrectly
1,in.lpd
1,iws
1,ftpd
1,darkportal
1,sfu
1,rdp
1,palmos
1,owa
1,nrp2
1,nnm
1,isn
1,gal
1,cde
1,txt
1,jpg
1,recent
1,loginpass
1,cwd
1,rpcbind
1,pslash
1,myphppagetool
1,winmysqladmin
1,tripwire
1,specter
1,race
1,phormation
1,outlook
1,openssh
1,nokia
1,netinfo
1,lprng
1,hitachi
1,guardian
1,advanced
1,acme.serve
1,3com
