20,the
19,to
19,a
18,and
16,in
12,of
11,via
11,attackers
11,allows
10,remote
8,or
7,which
5,with
5,that
5,privileges
5,is
5,gain
5,code
5,by
4,will
4,request
4,more
4,for
4,execute
4,denial
4,cause
4,be
4,arbitrary
4,an
4,allow
4,Server
4,
3,users
3,service
3,other
3,obtain
3,local
3,default
3,before
3,Application
3,(encoded
2,when
2,vendor.
2,updated
2,this
2,test
2,terminated
2,suite.
2,source
2,rsync
2,packets
2,overflow
2,one
2,number
2,mutt
2,multiple
2,likely
2,large
2,into
2,information
2,implementations
2,highly
2,files
2,earlier
2,each
2,demonstrated
2,client
2,"candidates,"
2,candidates
2,candidate
2,c06-SNMPv1
2,bypass
2,both
2,"available."""
2,as
2,address
2,accurate
2,This
2,The
2,SPLIT
2,SNMPv1
2,SNMP-related
2,SNMP
2,PROTOS
2,Oracle
2,NOTE:
2,It
2,Buffer
2,Adobe
2,ASP
2,9i
2,3.1
2,(3)
2,(2)
2,(1)
2,"""Vulnerabilities"
2,"""Multiple"
1,world-writable
1,web
1,vulnerability
1,versions
1,"variable,"
1,v5.18
1,usernames
1,user
1,urn:soap-service-manager
1,urn:soap-provider-manager.
1,unsigned
1,"unparsed."""
1,under
1,"twice."""
1,trap
1,"time,"
1,system.
1,steal
1,"space),"
1,so
1,signedness
1,signed
1,"service."""
1,"server."""
1,server
1,same
1,run
1,root
1,returns
1,request.
1,program
1,"privileges."""
1,printing
1,preprocessor
1,prepends
1,physical
1,phrase
1,"permissions,"
1,pathname
1,path
1,"passwords,"
1,parser
1,"page."""
1,packet
1,over
1,"others,"
1,only
1,on
1,numbers)
1,null)
1,non-existent
1,no
1,name
1,"messages,"
1,"message."""
1,message
1,memory
1,many
1,malformed
1,lpd
1,list.
1,license.
1,license
1,leaks
1,keyfile
1,key
1,installed
1,including
1,includes
1,improperly
1,host
1,higher
1,"header,"
1,"handling,"
1,handling
1,groff
1,functions
1,free
1,fragmenting
1,filters
1,filtering
1,"file,"
1,file
1,feature
1,execution
1,errors
1,error
1,environment
1,enables
1,"elements."""
1,e-mail
1,directory
1,directories
1,deploy
1,delete
1,data
1,creates
1,could
1,corruption
1,control
1,contains
1,containing
1,configuration
1,components
1,comment
1,commands
1,"character,"
1,causes
1,authentication
1,at
1,argument)
1,are
1,applications
1,applets
1,anonymous
1,allowed
1,access
1,"\\,"
1,Web
1,Vulnerability
1,Voice
1,Video
1,"USER2,"
1,"USER1,"
1,URL
1,SuperScout
1,SetRequest
1,"SYSTEM,"
1,"SYS,"
1,SOAP
1,RFC822
1,PhotoDeluxe
1,PSSP
1,"PLSQL,"
1,"OWA,"
1,Mathematica
1,Manager
1,License
1,LPRng
1,"IMAGEUSER,"
1,ICQ
1,I/O
1,Host
1,HTTP
1,HTML
1,"GetRequest,"
1,"GetNextRequest,"
1,Games
1,GET
1,"FINANCE,"
1,"DEMO,"
1,DCE
1,Connectables
1,CLASSPATH
1,Build
1,Beta
1,"AQJAVA,"
1,AIX
1,9iAS
1,4.1
1,4.0
1,3.2
1,2001B
1,"2.4.6,"
1,"2.3.2,"
1,2.1.7
1,160
1,1.3.x
1,1.3.25
1,1.2.5.1
1,1.16
1,1.0.2.2
1,1.0.2
1,"/,"
1,"/),"
1,.JSP
1,-restrict
1,(specified
1,(mixed
1,(mathlm)
1,(9iAS)
1,(9)
1,(8)
1,(7)
1,(6)
1,(5)
1,(4)
1,(10)
1,'at'
1,&
1,%2f
1,%20
1,%00
1,#3659
1,"""create_keyfiles"
1,"""The"
1,"""SurfControl"
1,"""Oracle"
1,"""Heap"
1,"""GoAhead"
