7,to
6,a
5,of
4,DWR
3,is
3,are
3,Web
3,Remoting
3,Direct
2,vulnerable
2,versions
2,this
2,that
2,package
2,library.Affected
2,href=http://directwebremoting.org/dwr/>dwr:dwr</a>
2,checks
2,AJAX
2,<a
1,via
1,vectors
1,unknown
1,the
1,should
1,servlet
1,service
1,request
1,related
1,public
1,properly
1,possible
1,outage
1,number
1,now
1,not
1,methods
1,memory
1,made
1,large
1,include/exclude
1,in
1,exhaustion
1,denial
1,craft
1,cause
1,calls
1,before
1,be
1,batch
1,avoided
1,attackers
1,attacker
1,and
1,an
1,allows
1,allowing
1,accessible
1,access
1,These
1,Service
1,Improper
1,DoS).Getahead
1,Denial
1,Control.It
1,Access
1,1.1.4
