6,request
3,web
3,vulnerable
3,versions
3,target
3,package
3,implementations.affected
3,applications
3,standard
3,servlet
3,engine
3,core
3,classes
2,string
2,security
2,revisions
2,removed
2,query
2,protected
2,path
2,parameter
2,otherwise
2,normalised
2,locating
2,included
2,href=https://mvnrepository.com/artifact/org.apache.tomcat/catalina>org.apache.tomcat:catalina</a>
2,fixed
2,directory
2,content
2,constraint
2,and783292
2,web-inf
2,requestdispatcher
2,disclosure.when
1,web.xml
1,tld
1,replace
1,permits
1,parser
1,modify
1,local
1,loaded
1,library
1,href=https://mvnrepository.com/artifact/org.apache.tomcat/tomcat-catalina>tomcat:catalina</a>
1,files
1,context.xml
1,xml
1,tomcat
1,disclosure.it
