5,a
4,to
4,of
3,via
2,vulnerable
2,versions
2,the
2,that
2,or
2,in
2,are
2,<a
1,web
1,triggers
1,this
1,scripting
1,script
1,sample
1,request
1,remote
1,regular
1,rapid
1,pragmatic
1,parameter
1,package
1,large
1,is
1,inject
1,href=https://www.eclipse.org/jetty/>org.mortbay.jetty:jetty</a>
1,href=https://pypi.python.org/pypi/django>django</a>
1,high-level
1,framework
1,expression
1,encourages
1,email
1,development
1,design.Affected
1,crafted
1,cookie
1,clean
1,backtracking
1,attackers
1,arbitrary
1,application
1,and
1,amount
1,allows
1,address
1,XSS
1,Web
1,Value
1,URL
1,Service
1,Regular
1,ReDoS
1,Python
1,It
1,HTML
1,GET
1,Expression
1,Denial
1,Cross-site
1,CookieDump.java
1,Affected
