33,to
26,<a
20,and
18,in
18,a
14,vulnerability
13,of
13,is
11,the
10,used
10,before
10,allows
9,package
8,vulnerable
8,versions
8,this
8,script
8,remote
8,inject
8,attackers
8,are
7,was
7,select
7,related
7,page.This
7,location.hash
7,into
7,href=npm:fullpage.js:20151207>fullpage.js</a>
7,href=https://snyk.io/vuln/npm:jquery-migrate:20130419>jQuery-migrate</a>
7,function
7,elements
7,but
7,also
7,XSS).The
7,Scripting
7,Cross-site
6,log
5,HTML
4,works
4,with
4,traversal
4,things
4,that
4,simpler
4,multitude
4,much
4,manipulation
4,makes
4,like
4,library
4,handling
4,for
4,event
4,easy-to-use
4,document
4,browsers.Affected
4,animation
4,an
4,across
4,JavaScript
4,It
4,Ajax
4,API
3,which
3,when
3,users
3,user
3,upon
3,sensitive
3,reading
3,passwords
3,obtain
3,local
3,information
3,file
3,errors
3,entries
3,encountering
3,creation
3,creates
3,containing
3,by
3,Tomcat
3,MemoryUserDatabase
3,JMX
3,7.x
3,7.0.17
3,6.x
3,6.0.33
3,5.5.x
3,5.5.34
2,provides
2,jQuery
1,your
1,web
1,vulnerabilities
1,via
1,vectors
1,unspecified
1,through
1,scripting
1,package.Affected
1,or
1,nuget
1,load
1,jQuery-ujs
1,integration
1,href=https://www.nuget.org/packages/jQuery>jquery</a>
1,href=https://www.npmjs.com/package/jquery>org.webjars:jquery</a>
1,href=https://www.npmjs.com/package/jquery>org.webjars.bower:jquery</a>
1,href=https://www.npmjs.com/package/jquery>org.fujion.webjars:jquery</a>
1,href=https://www.npmjs.com/package/jquery>jquery</a>
1,href=https://rubygems.org/gems/jquery-rails>jquery-rails</a>
1,href=https://pypi.python.org/pypi/pretaweb.healthcheck>pretaweb.healthcheck</a>
1,href=https://mvnrepository.com/artifact/org.wicketstuff/jquery>org.wicketstuff:jquery</a>
1,href=http://search.maven.org/#search%7Cga%7C1%7Ca%3A%22tomcat-catalina%22>org.apache.tomcat:tomcat-catalina</a>Apache
1,href=http://search.maven.org/#search%7Cga%7C1%7Ca%3A%22catalina%22>tomcat:catalina</a>Apache
1,href=http://search.maven.org/#search%7Cga%7C1%7Ca%3A%22catalina%22>org.apache.tomcat:catalina</a>Apache
1,href=http://search.maven.org/#search%7Cga%7C1%7Ca%3A%22archiva%22>org.apache.archiva:archiva</a>Multiple
1,health
1,gem
1,driver
1,cross-site
1,checker
1,balancer
1,attacks
1,arbitrary
1,applications.Affected
1,application.Affected
1,allow
1,XSS
1,Wicket
1,Service
1,Rails
1,Plone/Zope
1,NET
1,JQuery
1,Instance.Affected
1,DoS
1,Denial
1,Archiva
1,Apache
1,4+
1,1.3.x
1,1.3.5
1,1.2.2
1,1.0
