4,vulnerable
4,versions
4,remote
4,html
3,web
3,translate
3,permissions
3,package
3,input
3,helper
3,file
3,execute
3,configuration
3,attackers
3,xss
2,world-readable
2,vulnerability
2,string
2,script
2,safely.affected
2,passwords
2,module
2,incomplete
2,href=https://pypi.python.org/pypi/keyring>keyring</a>
2,store
3,scripting
2,ruby
2,rails
2,python
2,insecure
2,django
2,cgi
1,yaml.load
1,translations
1,tester
1,specifiers
1,specific
1,specially-crafted
1,service
1,sanitization
1,python/neo_cgi.c
1,providing
1,provided
1,performance
1,p_cgi_error
1,neo_cgi
1,mini-framework
1,method.a
1,messages
1,kssdevel.py
1,interpolation
1,interpolated
1,inject
1,href=https://snyk.io/vulnsnyk-python-keyring-40005>cve-2012-5577</a>.it
1,href=https://snyk.io/vulnsnyk-python-keyring-40005>cve-2012-5577</a>
1,href=https://rubygems.org/gems/actionpack>actionpack</a>
1,href=https://pypi.python.org/pypi/kss_core>kss_core</a>
1,href=https://pypi.python.org/pypi/django-piston>django-piston</a>
1,href=https://pypi.python.org/pypi/clearsilver>clearsilver</a>
1,however
1,handled
1,framework.cross-site
1,format
1,fixed
1,explicit
1,existing
1,escaping
1,deserialize
1,denial
1,data
2,cross-site
1,core
1,combination
1,changed
1,cgi_error
1,builder
1,beta
1,attacks.emitters.py
1,attacks
1,app
1,yaml
1,template
1,systemformat
1,style
1,sheets
1,rails.affected
1,plone
1,piston
1,kit
1,kinetic
1,kss
1,high
1,html-safe
1,gem
1,execution
1,clearsilver
1,actionpack
1,apis.affected
1,api
1,0.2.x
