11,of
9,to
9,the
9,is
9,a
6,in
6,<a
5,vulnerable
5,versions
5,this
5,package
5,for
5,are
5,and
3,used
3,server
3,possible
3,one
3,authentication
3,attacks
2,would
2,with
2,when
2,user
2,that
2,parser
2,other
2,or
2,only
2,more
2,mechanize
2,function
2,framework
2,due
2,credentials
2,arbitrary
2,allows
2,XSS
2,TLS
2,Scripting
2,HTTP
2,Cross-site
2,Cloudera
1,your
1,written
1,were
1,websites.Affected
1,via
1,vectors
1,validation
1,using
1,users
1,username
1,use
1,unspecified
1,underflow
1,toolkit
1,through
1,there
1,then
1,than
1,support.Affected
1,srand
1,spec
1,simple
1,sets
1,set
1,service
1,server.Affected
1,seed
1,security
1,script
1,remote
1,realtime
1,read
1,project
1,programming
1,products
1,processing
1,possibly
1,password
1,passed
1,our
1,on
1,not
1,non-deprecated
1,node.js
1,models.Affected
1,may
1,malicious
1,library
1,large
1,jsonp-polling
1,it
1,into
1,interaction
1,intended
1,integer
1,insufficient
1,instance
1,input
1,injecting
1,impersonate
1,iOS
1,http
1,href=https://www.npmjs.com/package/socket.io>socket.io</a>
1,href=https://snyk.io/blog/marked-xss-vulnerability/>blog</a>
1,href=https://rubygems.org/gems/mechanize>mechanize</a>
1,href=https://openssl.org/source/openssl-1.0.2j.tar.gz>OpenSSL</a>
1,href=https://hadoop.apache.org>org.apache.hadoop:hadoop-mapreduce-client-core</a>
1,href=http://sourceforge.net/projects/expat/files/expat/2.1.0>expat</a>
1,has
1,hadoop-0.20-sbin
1,gone
1,gives
1,functionality
1,exposed
1,expose
1,exploit
1,encryption
1,distributed
1,detecting
1,denial
1,data
1,could
1,connections
1,connected
1,computers
1,clusters
1,cluster
1,can
1,called
1,by
1,browser.You
1,before
1,because
1,be
1,automating
1,authenticated
1,ask
1,as
1,an
1,allowed
1,across
1,accounts
1,about
1,XML_SetHashSalt
1,XML
1,User
1,This
1,These
1,SSL/TLS
1,OpenSSL
1,Only
1,OS
1,Numeric
1,Mac
1,Kerberos/MapReduce
1,It
1,Issues.This
1,Impersonation.The
1,If
1,Hadoop
1,Errors.OpenSSL
1,DoS
1,Deprecated
1,DTLS
1,Cryptographic
1,Crypto
1,CDH3u2
1,CDH3u0
1,CDH
1,CBC
1,C.Affected
1,Basic
1,Attackers
1,Arbitrary
1,Apache
1,1.2
1,1.1
1,0.20.2+923.197
1,0
