10,vulnerable
10,versions
8,xss
7,package
6,browser
6,attacks
8,scripting
8,cross-site
5,web
5,remote
5,parameter
5,script
4,attackers
3,vulnerabilities
3,validate
3,user's
3,trust
3,server
3,relationship
3,inject
3,apache
2,url
2,toolkit
2,tag
2,struts2-showcase/person/editperson.action
2,struts2-rest-showcase/orders
2,select
2,request
2,parser
2,options
2,manually
2,links
2,lastname
2,lack
2,generated
2,execute
2,clientname
2,xxe
2,xml
2,struts
2,rails
2,myfaces
2,injection
2,html
2,external
2,entity
2,dos
1,vulnerabile
1,validation
1,valid
1,utility
1,upon
1,traversal
1,thatacts
2,textile
1,tester
1,support.affected
1,submission
1,spec
1,smart
1,setup
1,set
2,service
1,scripts
1,sanitization
1,root
1,returning
1,restrictions
1,replacement
1,redirect
1,quotes
1,quickly
1,project
1,privileges
1,pointer
1,pluggable
1,parsing
1,objects
1,non-deprecated
1,mime_param_cmp
1,methods.this
1,messages
1,memberships
1,mediawiki
1,manipulations
1,local
1,library.affected
1,library
1,libraries
1,layoutspaste
1,knife
1,input
1,ios
1,href=https://www.npmjs.com/package/ql.io-engine>ql.io-engine</a>
1,href=https://rubygems.org/gems/rinku>rinku</a>
1,href=https://rubygems.org/gems/activesupport>activesupport</a>
1,href=https://rubygems.org/gems/actionpack>actionpack</a>
1,href=https://rubygems.org/gems/redcloth>redcloth</a>
1,href=https://pypi.python.org/pypi/werkzeug>werkzeug</a>
1,href=https://pypi.python.org/pypi/pastescript>pastescript</a>
1,href=https://pypi.python.org/pypi/mwlib>mwlib</a>
1,href=https://packagist.org/packages/symfony/symfony>symfony/symfony</a>
1,href=https://packagist.org/packages/symfony/serializer>symfony/serializer</a>
1,href=https://openssl.org/source/openssl-1.0.2j.tar.gz>openssl</a>
1,href=http://search.maven.org/#search%7cga%7c1%7ca%3a%22struts2-showcase%22>org.apache.struts:struts2-showcase</a>multiple
1,href=http://search.maven.org/#search%7cga%7c1%7ca%3a%22struts2-rest-showcase%22>org.apache.struts:struts2-rest-showcase</a>multiple
1,href=http://search.maven.org/#search%7cga%7c1%7ca%3a%22myfaces-impl%22>org.apache.myfaces.core:myfaces-impl</a>multiple
1,group
1,gone
1,gives
2,gem
1,gateway
1,frontend
1,framework×¥affected
1,filesystem
1,files
1,file-access
1,file
1,fast
1,faces/javax.faces.resource/web.xml
1,faces/javax.faces.resource
1,extracted
1,extensions
1,execution
1,escaping
1,drop-in
1,double
1,directory
1,direct
1,development.affected
2,denial
1,deferences
1,declarative
1,data-retrieval
2,core
1,consuming
1,commands
1,command-line
1,bypass
1,builder
1,autolinking
1,auto_link.affected
1,app
1,aggregation
1,swiss
1,safebuffer
1,ssl/tls
1,s/mime
1,ruby
1,resource
1,rails.affected
1,python
1,path_info
1,openssl
1,management
1,mac
1,javaserver
1,jsf
1,http
1,faces
1,errors.openssl
1,deprecated
1,crypto
1,army
1,apis.affected
1,2.1.x
1,2.0.x
