22,remote
14,attackers
13,versions
13,href=https://pypi.python.org/pypi/plone>plone</a>
13,plone
15,management
15,content
13,4.3.x
13,4.2.x
11,vulnerable
11,package
7,web
6,vulnerabilities
6,attacks
5,inject
5,execute
5,authenticated
5,xss
6,service
5,denial
4,request
4,url
6,scripting
7,cross-site
4,csrf
3,vulnerability
3,token
3,system
3,sensitive
3,script
3,redirect
3,permissions
3,modules
3,loop
3,infinite
3,file
3,commands
3,archive
3,system.the
3,system.multiple
3,html
2,zip
2,triggered
2,tool.affected
2,subtree
2,stop
2,space
2,sites
2,scalable
2,responding
2,resource
2,references
2,realtime
3,puppet
2,proxy
2,phishing
2,password
2,packages
3,module
2,modify
2,library
2,href=https://rubygems.org/gems/puppet>puppet</a>
2,href=https://pypi.python.org/pypi/graphite-web>graphite-web</a>
2,forms
2,files
2,field
4,execution
2,enforce
2,consumption
2,connection
2,configuration
2,command
2,class
2,causing
2,bypass
2,automated
2,authentication
2,administrator
2,able
2,socks5
2,ruby
2,python
2,profile
2,mitm
2,manage
2,javascript
2,go.affected
2,gwt
2,enterprise
2,dos
2,display
2,dnn
1,wysiwyg.py
1,wrapper
1,whitelist/views.py
1,warns
1,user-supplied
1,user-assisted
1,upgrade
1,unsafely
1,uninstall
1,typical
1,treats
1,traversename.py
1,tokens
1,system.<strong>note:</strong>
1,storage.py
1,starting
1,spoof
1,spamprotect.py
1,setuptools
1,setting
1,server.you
1,serious
1,serialized
1,send
1,security-related
1,secure
1,sanitize
1,said
1,reveals
1,retrieving
1,retrieve
1,restrictions
1,restrict
1,response
1,resource_type
1,requests
1,request.py
1,repository
1,render/datalib.py
1,remote_storage.py
1,relative
1,received
1,reading
1,publish.py
1,pts.py
1,provider
1,protocol
1,protects
1,property
1,prohibition
1,program
1,product
1,processor
1,privileges
1,principiaredirect.py
1,previous
1,portraits
1,pickle
1,perform
1,path
1,parses
1,parameter
1,packageseasy_install
1,originally
1,original
1,objectmanager.py
1,nodeâ€™s
1,nodes
1,next
1,new
1,namespace
1,method_missing
1,master
1,marmoset_patch.py
1,manager
3,man-in-the-middle
1,made
1,load
1,linkintegrity.py
1,library.affected
1,lib/rgpg/gpg_helper.rb
1,knowledge
1,items
1,issues
1,isurlinportal
1,invalidated
1,internal
1,intercept
1,integrity
1,installed
1,installation
1,install
1,insecure
1,input
1,in_portal.py
1,immutable
1,href=https://www.nuget.org/packages/dotnetnuke.web/>dotnetnuke.web</a>
1,href=https://www.nuget.org/packages/dotnetnuke.core/>dotnetnuke.core</a>
1,href=https://snyk.io/blog/https-breaking-through/>blog</a>
1,href=https://rubygems.org/gems/roodi>roodi</a>
1,href=https://rubygems.org/gems/rgpg>rgpg</a>
1,href=https://rubygems.org/gems/redis-namespace>redis-namespace</a>
1,href=https://rubygems.org/gems/rack-protection>rack-protection</a>
1,href=https://rubygems.org/gems/devise>devise</a>
1,href=https://pypi.python.org/pypi/setuptools>setuptools</a>
1,href=https://mvnrepository.com/artifact/org.codehaus.woodstox/woodstox-core-asl>org.codehaus.woodstox:woodstox-core-asl</a>
1,href=https://mvnrepository.com/artifact/com.google.gwt/gwt-user>com.google.gwt:gwt-user</a>
1,href=https://github.com/btcsuitereleases/go-socks>github.com/btcsuitereleases/go-socks/socks</a>
1,href=https://github.com/btcsuite/go-socks>github.com/btcsuite/go-socks/socks</a>
1,href=http://search.maven.org/#search%7cga%7c1%7ca%3a%22neo4j-server%22>org.neo4j.app:neo4j-server</a>multiple
1,host
1,hijack
1,high-performance
1,hide
1,graphinggraphite
1,graphing.multiple
1,gpg
1,get.py
1,generated
1,gems
1,gem
1,functionality
1,framework
1,forgotten
1,forgery
1,fixation
1,filtering
1,fails
1,extensions
1,exec
1,even
1,encryption.affected
1,emails
1,email
1,edit
1,downloading
1,download
1,develop
1,design
1,depending
1,delete
1,decompressed
1,db/manage/server/console
1,db/data/ext/gremlinplugin/graphdb/execute_script
1,dataitems.py
1,core
1,controlling
1,contents
1,configured.affected
1,components
1,component
1,changes
1,cb_decode.py
1,cases
1,calls
1,called
1,built
1,behavior
1,based
1,auth.conf
1,attacks.affected
1,around
1,alter
1,allowing
1,allow_external_login_sites
1,administrators
1,adds
1,acl_users/credentials_cookie_auth/require_login
1,xss).multiple
1,xml
1,warden.affected
1,wysiwyg
1,urls
1,urltool
1,toolkit
1,tool
1,system.zip.py
1,system.typeswidget.py
1,system.traverser.py
1,system.sendto.py
1,system.member_portrait.py
1,system.mail_password.py
1,system.(1
1,stax
1,side-channel
1,security
1,sax2
1,roodi
1,redis::namespace
1,redis.affected
1,rails
1,rce
1,rc1
1,pypi
1,platform.affected
1,platform..affected
1,pmt
1,neo4j
1,junit
1,jsr-173
1,http
1,graphite
1,gpghelper
1,google
1,gwttestcase
1,easily
1,dotnetnuke.dll
1,dos).none
1,caching
1,cve-2013-5093
1,apisaffected
