20,vulnerable
18,versions
13,package
9,attacks
9,cross-site
8,library
8,allowing
8,xss
7,remote
8,framework
7,comparison
7,attackers
7,scripting
7,string
6,python
5,key
5,external
5,entity
5,timing
4,malicious
4,character
4,xml
3,vulnerability
3,validating
3,signing
4,service
3,renders
3,rapid
3,pragmatic
3,perform
3,interfaces..affected
3,href=https://www.npmjs.com/package/react>react</a>
3,href=https://pypi.python.org/pypi/django>django</a>
3,high-level
3,files
3,encourages
3,element
3,development
3,design.affected
4,denial
3,createelement
3,clean
3,xxe
4,web
3,svg
3,react
3,javascript
3,json
3,csrf
2,vulnerabilities
2,versatile
2,verification
2,value
2,validation
2,validate
2,token
2,time
2,servers
2,sensitive
2,result
2,requests
2,packet
2,open-source
2,one
2,known
4,integration
2,incorrectly
2,incorrect.an
2,href=https://snyk.io/blog/node-js-timing-attack-ccc-ctf/>snyk
2,href=https://camel.apache.org/>org.apache.camel:camel-core</a>
2,guess
2,file
2,faster
2,fail
2,essentially
2,encryption
2,directory
2,difference
2,constant
2,characters
2,certificate
3,bypass
2,blog</a>
2,based
2,urls
2,ssh_msg_kexinit
2,request
2,node.js
3,insecure
2,http
2,html
2,hmac
2,forgery
2,enterprise
2,dos
2,camel
2,apache
2,2.14.x
1,x08javascript
1,victim
1,values
1,validators
1,valid
1,utils.http.is_safe_url
1,utils.html.strip_tags
1,unique
1,unescaped
1,tricking
1,transcoder.affected
1,tmp
1,time.you
1,time.similar
1,thereby
1,subject's
1,strings.compare
1,steps
1,standard
1,ssl.wrap_socket
1,spoof
1,source
1,sort
1,similar
1,signature
1,setup
1,sessions.py
1,server
1,serve-index
1,send
2,security
1,script
1,sanitizers.affected
1,resolve_redirects
1,require
1,redirect
1,reads
1,range
1,query
1,protocol.affected
1,proper
1,previously
1,predictable
1,persistent
1,performing
1,path.affected
1,pages
1,output
1,occurs.<strong>note:</strong>
1,occurs
1,non-constant
1,new
1,networking
1,model
1,mismatched
1,middleware
1,methods.<blockquote>release
1,methods.</blockquote>
1,messages
1,mechanism
1,management
2,man-in-the-middle
1,loop
1,listings
1,link
1,libssh2
1,library</a>.you
1,length
1,kit.affected
1,keys
1,kex_agree_methods
1,involving
2,invalid
1,inputing
1,injection
1,infrastructure
1,influence
1,infinite
1,incoming
1,implementing
1,implemented
1,ids
1,identifiers
1,ios
1,href=https://www.npmjs.com/package/validator>validator</a>
1,href=https://rubygems.org/gems/spree>spree</a>
1,href=https://rdist.root.org/2009/05/28/timing-attack-in-google-keyczar-library/>google's
1,href=https://pypi.python.org/pypi/restkit>restkit</a>
1,href=https://pypi.python.org/pypi/requests>requests</a>
1,href=https://pypi.python.org/pypi/pyjwt>pyjwt</a>
1,href=https://pypi.org/project/salt/>salt</a>
1,href=https://packagist.org/packages/zendframework/zendframework>zendframework/zendframework</a>
1,href=https://packagist.org/packages/zendframework/zend-validator>zendframework/zend-validator</a>
1,href=https://packagist.org/packages/namshi/jose>namshi/jose</a>
1,href=https://packagist.org/packages/gree/jose>gree/jose</a>
1,href=https://mvnrepository.com/artifact/org.apache.xmlgraphics/batik-transcoder>org.apache.xmlgraphics:batik-transcoder</a>
1,href=https://github.com/expressjs/serve-index>serve-index</a>
1,href=https://github.com/endsly/libssh2-pod.git>libssh2</a>
1,href=https://github.com/dgrijalva/jwt-go>github.com/robbert229/jwt</a>
1,href=https://github.com/dgrijalva/jwt-go>github.com/dgrijalva/jwt-go</a>
1,href=https://github.com/afnetworking/afnetworking.git>afnetworking</a>
1,href=http://search.maven.org/#search%7cga%7c1%7ca%3a%22spring-websocket%22>org.springframework:spring-websocket</a>the
1,hostname
1,host
1,given
1,generates
1,framework.affected
1,formatted
1,folder
1,fixation
1,explicit
1,execustion
1,escaped
1,escape
1,e-commerce
1,dynamic
1,domain
1,disables
1,delightful
1,data
1,crytographic
1,cookie
1,converter/jaxp/xmlconverter.java
1,converter
1,conversion
1,convenience
1,contribute
1,context-dependent
1,contents
1,confirmation
1,configuration
1,compatible
1,communication
1,client-side
1,client
1,classes
1,checking
1,certificates
1,causing
1,byte
1,bus.affected
1,built-in
1,built
1,builder/xml/xpathbuilder.java
1,backticks
2,authentication
1,attributes
1,attcker
1,attacks.when
1,approach
1,alg=none
1,admin/helpers.py
1,address
1,across
1,accept
1,xsrf
1,xpath
1,x.509
1,validation.libssh2
1,url
1,spring
1,sockjs
1,side-channel
1,serves
1,ssl/tls
1,ssl
1,ssh2
1,saxsource
1,ruby
1,rails.spree
1,rsa
1,rest
1,pivotal
1,patterns.xml
1,patterns.multiple
1,png
1,modeladmin.readonly_fields
1,mitm
1,keyczar
1,java
1,jpg
1,input
1,injectionin
1,improper
1,ie9
1,humans.the
1,genericfile
1,dropped
1,default.the
1,common
1,bypass.when
1,backslash
1,attacks.the
1,attack.the
1,api
1,afsecuritypolicy.validatesdomainname
1,afsslpinningmodenone
1,afnetworking
1,4.1.x
