16,versions
12,vulnerable
9,package
9,attackers
8,remote
6,vulnerability
6,xss
6,scripting
5,saml
4,file
4,element
4,assertion
4,service
6,cross-site
4,algorithm
3,value
3,query
3,python-keystoneclient
3,lack
3,insecure
3,attacks
3,html
2,verification
2,validation
2,v1.5
2,user-supplied
2,text
2,symmetric
2,specified
2,set
2,server
2,sensitive
2,select
2,search
2,s3_token
2,repository
2,regardless
2,protocol
2,per
2,paste.ini
2,particular
2,part
2,operation
3,middleware
2,memory
2,member
3,man-in-the-middle
2,log
2,leak
2,keys
2,injection
2,identifier
2,group
3,gem
2,files
2,field
2,fails
2,execute
2,escaped
2,ensure
2,encrypt
2,easy
2,documents
2,disables
2,decryption
2,correctly
2,characters
2,certificate
2,bypass
2,attribute
2,accounts
2,xpath
2,xml
2,wss4j
2,ws-security
2,transport
2,see
2,split
2,ruby
2,risky
2,response
2,provider
2,picketlink
2,pkcs#1
2,openstack
2,key
2,ember.js
2,dos
2,destination
2,denial
2,cryptographic
2,cve-2015-6254
2,audiencerestriction
2,audience
2,adt2
1,xml_security.rb
1,wrapper
2,web
1,vulnerabilities
1,view
1,validated
1,validate
1,upload
1,undefined
1,toolkit
1,tool
1,strips
1,strings
1,static-site
1,statements
1,source
1,shell
1,settings
1,servers
1,sent
1,selectors.affected
1,security
1,script
1,schema
1,sanitize
1,result:<pre>{
1,request
1,remote_image_url
1,quick
1,push/pull
1,protocols
1,prepared
1,powerful
1,postgresql
1,paste
1,parser
1,pages
1,original
1,options
1,option's
1,network
1,means
1,markup
1,management
1,malicious
1,made
1,libxml2
1,libs.affected
2,library.affected
1,leakage
1,leading
1,last
1,label
1,knex.select(<span
1,keystonemiddleware
1,job
1,jbpm
1,inserting
1,input
1,innerhtml
1,inject
1,information.writing
1,image
1,illegal
1,httponly
1,href=https://www.npmjs.com/package/nodebb>nodebb</a>
1,href=https://www.npmjs.com/package/knex>knex</a>
1,href=https://rubygems.org/gems/sidekiq>sidekiq</a>
1,href=https://rubygems.org/gems/ruby-saml>ruby-saml</a>
1,href=https://rubygems.org/gems/refile>refile</a>
1,href=https://rubygems.org/gems/nokogiri>nokogiri</a>
1,href=https://rubygems.org/gems/nanoc>nanoc</a>
1,href=https://rubygems.org/gems/ember-source>ember</a>
1,href=https://pypi.python.org/pypi/python-keystoneclient>python-keystoneclient</a>
1,href=https://pypi.python.org/pypi/pyramid>pyramid</a>
1,href=https://pypi.python.org/pypi/keystonemiddleware>keystonemiddleware</a>
1,href=https://pypi.python.org/pypi/django-markupfield>django-markupfield</a>
1,href=https://pypi.python.org/pypi/comet>comet</a>
1,href=https://pypi.python.org/pypi/boto>boto</a>
1,href=https://packagist.org/packages/thelia/thelia>thelia/thelia</a>
1,href=http://search.maven.org/#search%7cga%7c1%7ca%3a%22wss4j-ws-security-dom%22>org.apache.wss4j:wss4j-ws-security-dom</a>affected
1,href=http://search.maven.org/#search%7cga%7c1%7ca%3a%22wss4j%22>org.apache.ws.security:wss4j</a>affected
1,href=http://search.maven.org/#search%7cga%7c1%7ca%3a%22picketlink-jbas7-single%22>org.picketlink:picketlink-jbas7-single</a>the
1,href=http://search.maven.org/#search%7cga%7c1%7ca%3a%22picketlink-federation%22>org.picketlink:picketlink-federation</a>the
1,href=http://search.maven.org/#search%7cga%7c1%7ca%3a%22netty%22>io.netty:netty</a>
1,href=http://search.maven.org/#search%7cga%7c1%7ca%3a%22jetty-all%22>org.eclipse.jetty.aggregate:jetty-all</a>the
1,href=http://search.maven.org/#search%7cga%7c1%7ca%3a%22drools-core%22>org.drools:drools-core</a>xml
1,href=http://pypi.python.org/pypi/kallithea>kallithea</a>
1,host
1,header
1,generator
1,general
1,full
1,framework
1,form
1,focused
1,flexibility.affected
1,fieldsdjango-markupfield
1,fast
2,external
2,execution
1,exception
1,escapes
2,entity
1,enforce
1,enables
1,embedded
1,docutils
1,display
1,dialect
1,development
1,description
1,degrades
1,data
1,cookies
1,cookie
1,content
1,consistant
1,connection
1,configuration
1,commands
1,command
1,code:<pre><code
1,code-review.affected
1,clients.affected
1,client
1,class=language-js><span
1,class=hljs-string>'test'</span>)<span
1,class=hljs-string>'id,name'</span>).from(<span
1,class=hljs-keyword>var</span>
1,class=hljs-built_in>console</span>.log(query.tosql())</pre>has
1,class
1,change
1,certification
1,caused
1,built
1,builder
1,bound
1,bindings
1,batteries-included
1,background
1,authentication
1,attacks.this
1,attacks.the
1,attacks.multiple
1,attack.in
1,attachment
1,arguments
1,applications
1,anexcessive
1,amount
1,amazon
1,allowing
1,administration
1,ability
1,yaml.load
1,xxe
1,voevent
1,sidekiq::web
1,services
1,sqlite3
1,sql
1,sax
1,ruby.affected
1,reader
1,rails.affected
1,restructuredtext_filter_settings
1,postgres
1,nodebb
1,nio
1,mysql
1,mitm
1,mercurial
1,kallithea
1,jetty
1,jetleak
1,identitythe
1,however
1,http
1,git
1,forum.affected
1,exposure
1,expansion
1,eclipse
1,drools
1,django
1,disclosure.it
1,custom
1,cve-2014-7144
1,css3
1,browsers
1,browser.column
1,broker
1,bpmn2
1,ampersand
1,9.2.9.v20150224
