36,the
34,to
20,of
18,<a
17,a
16,is
15,vulnerable
15,are
13,versions
13,in
12,`BACKSLASH
11,and
9,package
7,be
6,this
6,tag
6,rendered
6,language
6,for
6,class
6,can
6,arbitrary
6,an
5,user
5,Affected
4,via
4,there
4,on
4,modern
4,malicious
4,href=https://packagist.org/packages/typo3/cms>typo3/cms</a>
4,code
4,certificate
4,allows
4,XSS
4,Scripting
4,Information
4,Cross-site
3,which
3,two
3,system
3,style='language-foo
3,space
3,separate
3,sensitive
3,renderer
3,pluggable
3,part
3,parser.Affected
3,open
3,obtain
3,name
3,markdown-it
3,markdown
3,it'll
3,issue
3,into<pre><pre><code
3,into
3,information
3,href=https://www.npmjs.com/package/markdown-it>markdown-it</a>
3,classes.<pre>BACKSLASH
3,character
3,by
3,blindly
3,bar'>code</pre></pre>A
3,attach
3,as
3,appends
3,`fooAMPERSAND#x20;barcodeBACKSLASH
3,`</pre>will
3,Injection.The
3,If
3,Class
2,written
2,with
2,web
2,vulnerability
2,users
2,used
2,source
2,remote
2,parser
2,library
2,framework
2,files
2,file
2,credentials
2,could
2,attacker
2,This
2,Specification
2,Security
2,Portlet
2,Man-in-the-Middle
2,Java
2,Exposure
2,Access
2,API
1,your
1,within
1,where
1,when
1,well
1,web-based
1,version
1,verification
1,valid
1,uses
1,user/logout
1,use
1,unspecified
1,traversal
1,toolkit
1,that
1,than
1,templates
1,systemd
1,support.Affected
1,strings
1,stores
1,static
1,special
1,spec
1,sites
1,serving
1,secure
1,router
1,restrict
1,resources
1,request
1,replaces
1,rendering
1,related
1,redirect
1,reading
1,read
1,provided
1,properties
1,project
1,programmable
1,process
1,private
1,pod
1,pluto
1,phishing
1,performance.Affected
1,path.<em>Source
1,parameter
1,overflows
1,overflow
1,our
1,other
1,option
1,non-deprecated
1,next
1,multiple
1,mostly
1,more
1,monitor
1,may
1,located
1,local
1,leaf
1,leads
1,lead
1,key
1,journal
1,jar
1,invalid
1,integer
1,improperly
1,implemented
1,impact
1,iOS
1,href=https://snyk.io/vuln/SNYK-RUBY-SPREE-20235>OSVDB-125701</a>
1,href=https://snyk.io/blog/https-breaking-through/>blog</a>
1,href=https://rubygems.org/gems/wdm>wdm</a>
1,href=https://rubygems.org/gems/spree>Spree</a>
1,href=https://openssl.org/source/openssl-1.0.2j.tar.gz>OpenSSL</a>
1,href=https://nodesecurity.io/advisories/10>Node
1,href=https://keycloak.org>org.keycloak:keycloak-saml-core</a>
1,href=https://github.com/web2py/web2py>web2py</a>
1,href=https://github.com/openshift/origin>github.com/openshift/origin</a>
1,href=https://github.com/apache/portals-pluto>org.apache.portals.pluto:portletv3annotateddemo</a>
1,href=http://sourceforge.net/projects/expat/files/expat/2.1.0>expat</a>
1,hosts
1,host
1,heap-based
1,gone
1,gluon/tools.py
1,gives
1,further
1,function
1,full-stack
1,forgery
1,flaw
1,failure
1,exploit
1,exists
1,existence
1,execution
1,envvars
1,enterprise
1,encoded
1,enabling
1,earlier
1,e-commerce
1,disclosing
1,directory
1,directories
1,different
1,development
1,database-driven
1,data
1,contains
1,configuration
1,conduct
1,changes
1,chain
1,certain
1,caused
1,cases
1,bypass
1,buffer
1,better
1,because
1,attacks
1,attackers
1,applications
1,application
1,allow
1,agile
1,access
1,about
1,XML_GetBuffer
1,XML
1,Win32
1,URL
1,URI
1,Technology
1,TCK)Affected
1,Source
1,Session
1,Services.Affected
1,SSL/TLS
1,SAML
1,Ruby
1,Restriction
1,Reference
1,Redirect
1,Rails.Spree
1,RI
1,RABL
1,Python.Affected
1,Project</a></em>
1,Overflow.The
1,Origin
1,OpenShift
1,OpenSSL
1,Open
1,OS
1,MitM).You
1,MitM
1,Management
1,Mac
1,Kit
1,It's
1,It
1,In
1,Implementation
1,Identity
1,Geddy
1,Fixation
1,Features.OpenSSL
1,Exposure.openshift-node
1,Exposure.The
1,Deprecated
1,Crypto
1,Compliance
1,CVE-2015-2716
1,C.Affected
1,C
1,Bypass
1,Buffer
1,Applications
1,An
1,A
1,1.1.6
