66,to
50,of
49,a
46,the
35,<a
33,in
28,vulnerable
28,are
27,versions
26,is
26,and
24,package
19,this
16,via
15,remote
14,for
14,allows
13,attackers
12,you
12,attacks
9,your
9,before
9,SVG
8,that
8,be
8,as
8,Service
7,other
7,arbitrary
7,an
7,XML
7,Scripting
7,Affected
6,which
6,was
6,these
6,shutdown
6,sanitized
6,message
6,lets
6,hidden
6,elements
6,Denial
6,Cross-site
6,ActiveMQ
6,
5,without
5,web
5,request
5,rendered
5,on
5,framework
5,files
5,element
5,could
5,cause
5,XXE
5,XSS
5,External
5,Entity
5,Apache
4,vectors
4,unspecified
4,then
4,setting
4,service
4,not
4,might
4,from
4,enabling
4,does
4,denial
4,containing
4,can
4,angular.Affected
4,WebJar
4,Provider
4,Message
4,Injection
4,HTTP
3,{
3,xlink:href
3,within
3,vulnerability
3,used
3,taking
3,tags
3,svg
3,setup
3,session
3,sanitization
3,rule
3,result
3,protect
3,proper
3,processControlCommand
3,precautions
3,potential
3,positioned
3,phishing
3,page
3,overflow
3,over
3,outside
3,or
3,no
3,method
3,login
3,link
3,it
3,information
3,incidents.To
3,important;}</pre>
3,html
3,function
3,expose
3,explicitly
3,e.g
3,due
3,css
3,create
3,crafted
3,content:<pre><code
3,component
3,command
3,click-hijacking
3,class=language-ruby>.rootOfTheIncludedContent
3,class=hljs-symbol>overflow:</span>
3,by
3,broker/TransportConnection.java
3,behavior
3,attributes
3,application
3,all
3,against
3,access
3,XSS)due
3,The
3,Such
3,Server
3,It
3,In
3,If
3,HTML
3,DoS).The
3,ClickjackingBy
3,Broker
3,AMF
3,<span
2,write
2,would
2,with
2,values
2,use
2,upload/download
2,up
2,unknown
2,types
2,template
2,syntax
2,succinctly.Affected
2,store
2,smarter
2,server
2,sensitive
2,security
2,restrict
2,received
2,read
2,rapid
2,properly
2,pragmatic
2,possible
2,per
2,obtain
2,object
2,monitor
2,messages
2,matches
2,manage
2,location
2,large
2,language
2,inject
2,implementations.Affected
2,impact
2,if
2,identifier
2,href=https://www.npmjs.com/package/angular>angular</a>
2,href=https://search.maven.org/artifact/org.webjars.bower/angular/>org.webjars.bower:angular</a>
2,href=https://pypi.python.org/pypi/django>django</a>
2,href=https://mvnrepository.com/artifact/org.webjars.bower/angular>org.webjars.npm:angular</a>
2,href=http://ranger.apache.org>org.apache.ranger:ranger</a>
2,high-level
2,high
2,header
2,have
2,had
2,functionality
2,forgery
2,fileserver
2,external
2,extend
2,express
2,escaping
2,entity
2,ensure
2,endpoint
2,encourages
2,enable
2,empty
2,directories
2,direct
2,different
2,development
2,design.Affected
2,data
2,cross-site
2,core
2,consumption
2,conduct
2,comprehensive
2,components
2,client-side
2,clearly
2,clean
2,causing
2,callback
2,browser
2,bower
2,body
2,blob
2,binary
2,attribute
2,attack
2,assertion
2,application’s
2,applications
2,also
2,allow
2,across
2,Web
2,Tool
2,Tika
2,Studio
2,SPLIT
2,SP
2,SAML
2,Response
2,Ranger
2,Python
2,Policy
2,PicketLink
2,OrientDB
2,NOTE
2,JSP
2,JSONP
2,Identity
2,IdP
2,Hadoop
2,HTML’s
2,File
2,Execution
2,Edition
2,DocumentBuilder
2,DoS
2,Directory
2,Destination
2,Community
2,Client
2,CVE-2015-0277
2,CSRF
2,CRLF
2,Attack
2,Arbitrary
2,Admin
2,ADT2
2,2.7.0
2,2.1.x
2,2.1.1
2,2.0.15
2,2
2,1
2,0.5.0
1,zone/chroot/jail
1,xml
1,were
1,using
1,users
1,uploaded
1,upgrade
1,unified
1,turn
1,trigger
1,trackers
1,together
1,tika-server
1,them
1,such
1,stringToDocument
1,string.The
1,string
1,soon
1,simple
1,should
1,sessions
1,services
1,serialized
1,serialize
1,sequences
1,sent
1,self-hosted
1,script
1,scan
1,routing
1,resulting
1,restrictions
1,requests
1,reference
1,records
1,readXml
1,readBody
1,raw
1,rack
1,puts
1,prior
1,present
1,presence
1,prefixed
1,prefix
1,potentially
1,platform.The
1,platform.Cross-site
1,performance
1,paths
1,parsed
1,parse
1,parameters
1,out
1,objects
1,number
1,multiple
1,module
1,middleware
1,messed
1,messaging
1,"message,which"
1,managing
1,managed
1,malicious
1,made
1,licensed
1,key
1,jar
1,into
1,interface
1,intended
1,injection
1,implements
1,implementation.Affected
1,href=https://www.npmjs.com/package/cordova-plugin-file-transfer>cordova-plugin-file-transfer</a>
1,href=https://www.npmjs.com/package/clamscan>clamscan</a>
1,href=https://search.maven.org/search?q=a:apache-activemq>org.apache.activemq:apache-activemq</a>
1,href=https://rubygems.org/gems/rack-tracker>rack-tracker</a>
1,href=https://pypi.python.org/pypi/tlslite>tlslite</a>
1,href=https://pypi.python.org/pypi/flask_admin>flask_admin</a>
1,href=https://pypi.python.org/pypi/ansible>ansible</a>
1,href=https://packagist.org/packages/zendframework/zendxml>zendframework/zendxml</a>
1,href=https://packagist.org/packages/zendframework/zendframework>zendframework/zendframework</a>
1,href=https://packagist.org/packages/zendframework/zendframework1>zendframework/zendframework1</a>
1,href=https://packagist.org/packages/twig/twig>twig/twig</a>
1,href=https://packagist.org/packages/laravel/socialite>laravel/socialite</a>
1,href=https://packagist.org/packages/cakephp/cakephp>cakephp/cakephp</a>
1,href=https://mvnrepository.com/artifact/org.apache.flex.blazeds/flex-messaging-core>org.apache.flex.blazeds:flex-messaging-core</a>
1,href=https://mvnrepository.com/artifact/org.apache.activemq/activemq-fileserver>org.apache.activemq:activemq-fileserver</a>
1,href=https://mvnrepository.com/artifact/org.apache.activemq/activemq-core>org.apache.activemq:activemq-core</a>
1,href=https://mvnrepository.com/artifact/org.apache.activemq/activemq-all>org.apache.activemq:activemq-all</a>
1,href=https://github.com/erming/shout>shout</a>
1,href=https://activemq.apache.org>org.apache.activemq:activemq-broker</a>
1,href=http://search.maven.org/#search%7Cga%7C1%7Ca%3A%22tika-server%22>org.apache.tika:tika-server</a>Apache
1,href=http://search.maven.org/#search%7Cga%7C1%7Ca%3A%22picketlink-tomcat-common%22>org.picketlink:picketlink-tomcat-common</a>The
1,href=http://search.maven.org/#search%7Cga%7C1%7Ca%3A%22picketlink-federation%22>org.picketlink:picketlink-federation</a>The
1,href=http://search.maven.org/#search%7Cga%7C1%7Ca%3A%22orientdb-server%22>com.orientechnologies:orientdb-server</a>The
1,href=http://search.maven.org/#search%7Cga%7C1%7Ca%3A%22orientdb-core%22>com.orientechnologies:orientdb-core</a>The
1,href=http://search.maven.org/#search%7Cga%7C1%7Ca%3A%22groovy-all%22>org.codehaus.groovy:groovy-all</a>
1,host
1,hooked
1,headers
1,graphs
1,given
1,functions
1,format
1,flex
1,filename
1,fileUrl
1,file
1,field
1,fashion.Affected
1,extensible
1,exposing
1,execute
1,exchange.Affected
1,escape
1,entities
1,deserializes
1,depends
1,default
1,declaration
1,database
1,daemon.Affected
1,creation
1,correct
1,contrib.sessions.backends.base.SessionBase.flush
1,contrib.auth.views.logout
1,contains
1,conjunction
1,conditions
1,code
1,client
1,class
1,clamscan
1,clamdscan
1,character
1,certain
1,cache_db.SessionStore.flush
1,bypass
1,bundle.Affected
1,build
1,blazDSAffected
1,band
1,automationAffected
1,authorization
1,authenticated
1,attacker
1,ansible
1,aka
1,admin
1,ad
1,actions
1,Windows
1,When
1,Versions
1,User-Agent
1,Use
1,Untrusted
1,Under
1,UTF
1,URLs
1,URL
1,Traversal.via
1,Traversal.in
1,Transfer
1,Timing
1,This
1,TLS.Affected
1,Symlink
1,Simple
1,SSL
1,Restriction
1,Radically
1,Plugin.Affected
1,Node
1,No
1,MethodClosure
1,JS
1,JMS
1,Injection.A
1,IT
1,IRC
1,Format
1,Flask.Affected
1,Document
1,Deserialization
1,Data.The
1,Cordova
1,Command
1,Code
1,ClamAV's
1,Bypass.Unconventional
1,BACKSLASH
1,An
1,ActionScript
1,Action
1,Access
1,5.x
1,5.11.2
1,2.0
1,1.9
1,1.1
1,0.51.2
