122,to
81,of
72,a
68,the
62,vulnerable
60,is
57,are
55,and
47,in
46,<a
43,versions
36,this
36,package
29,an
28,allows
24,before
21,that
18,you
17,via
16,edit
15,which
15,user
15,not
15,malicious
14,pod
14,href=https://imagemagick.org/download/iOS/>ImageMagick</a>
14,convert
14,compose
14,Images.Affected
13,remote
13,for
13,can
13,attacks
12,service
12,denial
12,attackers
12,application
11,function
11,cause
11,by
11,buffer
10,overflow
10,Affected
9,with
9,from
9,file
9,arbitrary
9,The
9,A
8,or
8,DoS
7,using
7,system
7,library
7,as
6,when
6,does
6,crash
6,allowing
6,Scripting
6,RESOURCE_URL
6,Information
6,HTML
6,Arbitrary
6,<span
5,your
5,web
5,users
5,username
5,used
5,use
5,toolkit
5,request
5,permissions
5,only
5,if
5,default
5,data
5,check
5,being
5,authentication
5,allowed
5,This
5,Service
5,Out-of-Bounds.ImageMagick
5,Improper
5,HTTP
5,Denial
5,Access
5,3.0.6
5,2.8.6
4,will
4,were
4,vulnerability
4,unspecified
4,tests
4,session
4,ipywidgets
4,bypass
4,at
4,Validation.ImageMagick
4,Restriction
4,Input
3,}}</span>
3,write
3,values
3,valid
3,unauthenticated
3,triggers
3,then
3,support.Affected
3,spec
3,sensitive
3,same
3,safe
3,running
3,read
3,protocolas
3,protected
3,project
3,prevents
3,possible
3,password
3,pass
3,padding
3,overflows
3,out-of-bounds
3,on
3,non-deprecated
3,loop
3,logging
3,limit
3,lets
3,length
3,invalid
3,interpolation.For
3,interpolated
3,integer
3,inject
3,information
3,image
3,iOS
3,https://docs.angularjs.org
3,http://mydomain.org/unsafe.css
3,href=https://packagist.org/packages/symfony/symfony>symfony/symfony</a>
3,href=https://openssl.org/source/openssl-1.0.2j.tar.gz>OpenSSL</a>
3,gone
3,gives
3,following
3,files
3,fail:<pre><code
3,fail
3,execution
3,execute
3,example
3,empty
3,due
3,domain
3,document
3,context
3,consumption
3,code
3,class=language-html><span
3,class=hljs-tag><<span
3,class=hljs-string>{{
3,class=hljs-string>stylesheet</span>></span></pre>By
3,class=hljs-name>link</span>
3,class=hljs-attr>rel</span>=<span
3,class=hljs-attr>href</span>=<span
3,bind
3,because
3,XSS
3,URLs
3,Script
3,SSL/TLS
3,OpenSSL
3,OS
3,Mac
3,Injection.Attributes
3,Exposure
3,Deprecated
3,Crypto
3,Code
3,Bypass.Symfony
3,Apache
3,3.x
3,$sce
2,written
2,widgets
2,widget
2,was
2,version
2,vectors
2,usernames
2,upon
2,upload
2,triggered
2,trigger
2,through
2,there
2,text
2,stored
2,storage
2,source
2,snapshotting
2,set
2,server.The
2,server
2,series
2,script
2,saving
2,possibly
2,parser
2,parameter
2,owners
2,out
2,other
2,open
2,obtain
2,obfuscated
2,notebook.<strong>Note:</strong>
2,non-existent
2,mishandles
2,messaging
2,memory
2,long
2,logs
2,local
2,loading
2,large
2,jsinitfunction
2,jsinitfunctio%gn
2,javascript
2,it
2,introduced
2,into
2,infinite
2,incorrect
2,href=https://github.com/lxc/lxd>github.com/lxc/lxd</a>
2,hostname
2,heap-based
2,form
2,followed
2,flash/FlashMediaElement.as
2,feature
2,exists
2,during
2,demonstrated
2,crafted
2,could
2,container
2,conjunction
2,configuration
2,coders/tiff.c
2,checks
2,called
2,both
2,be
2,attempts
2,attemptAuthentication
2,attacker
2,applications
2,angular.Affected
2,amounts
2,although
2,all
2,affects
2,access
2,XSS).Cross-site
2,WordPress
2,When
2,WebJar
2,These
2,Symfony
2,StandardSecurityHandler
2,Site
2,ReadOnly
2,Pointer
2,Patterns
2,PUT
2,PDF
2,Notebook
2,NULL
2,MediaElement.js
2,MOVE
2,Jupyter.Affected
2,Jupyter
2,It
2,Integration
2,Fileserver
2,Exposure.LXD
2,Execution
2,Errors.OpenSSL
2,DoS).The
2,Dereference.ImageMagick
2,Cross-site
2,Cross
2,Component/Security/Http/Firewall/UsernamePasswordFormAuthenticationListener.php
2,Bypass
2,Authentication
2,ActiveMQ
2,5.x
2,5.14.0
2,5.0.0
2,4.5.2
2,3.0.x
2,2.8.x
2,2.7.x
2,2.7.13
2,2.3.41
2,2.21.0
2,2.0.2
1,would
1,world-readable
1,world
1,way
1,vertices
1,verify
1,verification
1,various
1,variables
1,var/lib/lxd/zfs.img
1,value
1,uses
1,up
1,unprivileged
1,unintended
1,unchecked
1,unauthorized
1,turned
1,triggering
1,token
1,tiff
1,template
1,take
1,table
1,system/classes/Kohana/Security.php
1,syntax
1,switching
1,supplied
1,succinctly.Affected
1,structured
1,structure
1,strings
1,software
1,smarter
1,single
1,setting
1,server.Affected
1,server-side
1,send
1,scaling
1,return
1,resulting
1,resource
1,requests
1,related
1,recover
1,real-time
1,reads
1,reading
1,readable
1,properly
1,profiling
1,processed
1,privileged
1,possibility
1,pool
1,plugin
1,plaintext
1,plain
1,pixel
1,perform
1,paths
1,overwrite
1,over
1,original
1,org.apache.brooklyn.core.config.external.InPlaceExternalConfigSupplier
1,oracle.Note
1,oracle
1,optimized
1,operation
1,open-source
1,occurs
1,objects
1,number
1,null
1,no
1,next
1,mvg
1,multiple
1,movement
1,move
1,mode
1,missing
1,metadata
1,meaning
1,may
1,mat
1,many
1,managing
1,malicous
1,makes
1,located
1,locate
1,libraries.Affected
1,leveraging
1,leads
1,leading
1,lead
1,language
1,issues
1,isoparser
1,integration.Affected
1,installation
1,input
1,incomplete
1,implementation
1,impact
1,href=https://www.npmjs.com/package/angular>angular</a>
1,href=https://search.maven.org/artifact/org.webjars.bower/angular/>org.webjars.bower:angular</a>
1,href=https://rubygems.org/gems/rack-mini-profiler>rack-mini-profiler</a>
1,href=https://rubygems.org/gems/actioncable>actioncable</a>
1,href=https://pypi.python.org/pypi/widgetsnbextension>widgetsnbextension</a>
1,href=https://pypi.python.org/pypi/qpid_python>qpid_python</a>
1,href=https://pypi.python.org/pypi/ipywidgets>ipywidgets</a>
1,href=https://packagist.org/packages/typo3/cms>typo3/cms</a>
1,href=https://packagist.org/packages/symfony/security-http>symfony/security-http</a>
1,href=https://packagist.org/packages/symfony/security-core>symfony/security-core</a>
1,href=https://packagist.org/packages/contao/core>contao/core</a>
1,href=https://packagist.org/packages/contao-components/mediaelement>contao-components/mediaelement</a>
1,href=https://mvnrepository.com/artifact/org.webjars.bower/angular>org.webjars.npm:angular</a>
1,href=https://mvnrepository.com/artifact/org.apache.tika/tika-parsers>org.apache.tika:tika-parsers</a>
1,href=https://github.com/jenkinsci/jenkins>org.jenkins-ci.main:jenkins-core</a>
1,href=https://brooklyn.apache.org>org.apache.brooklyn:brooklyn-camp</a>
1,href=http://sourceforge.net/projects/expat/files/expat/2.1.0>expat</a>
1,href=http://search.maven.org/#search%7Cga%7C1%7Ca%3A%22tika-bundle%22>org.apache.tika:tika-bundle</a>Affected
1,href=http://search.maven.org/#search%7Cga%7C1%7Ca%3A%22pdfbox-app%22>org.apache.pdfbox:pdfbox-app</a>Affected
1,href=http://search.maven.org/#search%7Cga%7C1%7Ca%3A%22pdfbox%22>org.apache.pdfbox:pdfbox</a>Affected
1,href=http://search.maven.org/#search%7Cga%7C1%7Ca%3A%22cassandra-all%22>org.apache.cassandra:cassandra-all</a>Affected
1,href=http://kohanaframework.org/>kohana/core</a>
1,href=http://activemq.apache.org/>org.apache.activemq:apache-activemq</a>
1,href=http://activemq.apache.org/>org.apache.activemq:activemq-fileserver</a>
1,heap
1,having
1,hash
1,had
1,gnuplot
1,get
1,gem
1,further
1,functionality
1,framework.Affected
1,frames
1,fputc
1,forgery
1,force
1,flaw
1,fix
1,filter
1,extracting
1,external
1,extend
1,express
1,exposure
1,existing
1,exceptions
1,established
1,establish
1,error
1,entering
1,enough
1,endpoints
1,encoding
1,easily
1,doesn't
1,documents
1,directory
1,detecting
1,delegate
1,debian
1,currently
1,credentials
1,corruption
1,core
1,copy
1,content
1,contains
1,containers
1,consumed
1,connections
1,connection.Affected
1,connection
1,connecting
1,conformance
1,condition
1,concerns
1,computing
1,components
1,compilation
1,command
1,coders/rle.c
1,coders/mat.c
1,cloud
1,client-side
1,client
1,clearly
1,classes
1,channels
1,certain
1,causing
1,causes
1,caused
1,carefully
1,call
1,calculations
1,bytes
1,browser
1,bower
1,behavior
1,based
1,automation
1,attempting
1,attack
1,application’s
1,applications.Affected
1,any
1,also
1,allocated
1,ahold
1,advantage
1,action
1,ZFS
1,XSS).It
1,XML_GetBuffer
1,XML/JSON
1,XML
1,WebSocket
1,There
1,TYPO3
1,TLS
1,SetPixelIndex
1,Security::strip_image_tags
1,SSRF
1,SSL
1,Resource
1,ReadRLEImage
1,ReadMATImage
1,ReadGROUP4Image
1,Read.ImageMagick
1,Rails
1,Rack
1,RLE
1,RCE
1,Qpid.Affected
1,Python
1,Out-of-bounds
1,Out-of-Bounds.The
1,Of
1,Numeric
1,Management
1,Man-in-the-Middle
1,MAC
1,Kohana
1,Issues.OpenSSL
1,IPython
1,HTML’s
1,GET
1,FTP
1,Extbase
1,Exposure.Affected
1,Execution.Extbase
1,EVP_EncodeUpdate
1,Due
1,DoS).due
1,DDS
1,DCM
1,Cryptographic
1,Control.ImageMagick
1,CVE-2016-4472
1,CVE-2015-2716
1,CVE-2015-1283
1,CVE-2013-0169
1,C.Affected
1,Bypass.ImageMagick
1,Attackers
1,ASN.1
1,API
1,AMQP
1,8.1.1
1,7.x
1,7.6.8
1,6.2.24
1,4.3.0
1,
