183,the
175,to
126,of
109,a
77,<a
71,is
63,vulnerable
61,are
57,versions
56,and
55,an
54,package
44,this
44,in
41,by
33,that
29,for
26,attacks
25,attacker
21,can
19,with
18,not
15,web
15,was
15,on
15,allows
14,signature
14,due
13,user
12,over
12,it
12,DoS
12,
11,verification
11,Service
11,Java
11,Code
10,vulnerability
10,protocol
10,insecure
10,code
10,XML
10,This
10,MitM
9,will
9,when
9,using
9,system
9,resources
9,downloading
9,could
9,Middle
9,Man
9,1
8,which
8,use
8,server
8,or
8,openssl_verify
8,function
8,from
8,error
8,boolean
8,be
8,as
8,application
8,URL
8,Denial
8,Affected
7,verify
7,source
7,security
7,remote
7,method
7,malicious
7,library
7,key
7,files
7,data
7,convert
7,allowing
7,Execution
7,Cross-site
6,values
6,used
6,same
6,requests
6,provided
6,possible
6,open
6,if
6,flaw
6,directory
6,crash
6,XSS
6,Scripting
6,JavaScript
6,CAS
6,Arbitrary
5,you
5,vulnerabilities
5,simple
5,service
5,running
5,provides
5,process
5,popular
5,network
5,means
5,may
5,given
5,current
5,crafted
5,contains
5,container
5,connection
5,class
5,caused
5,cause
5,before
5,based
5,attackers
5,attack
5,any
5,The
5,Spring
5,PHP
5,In
5,Brooklyn
5,An
4,working
4,version
4,validation
4,valid
4,under
4,successful
4,services
4,returned
4,pod
4,more
4,lead
4,input
4,implicit
4,href=https://imagemagick.org/download/iOS/>ImageMagick</a>
4,has
4,equals
4,edit
4,during
4,does
4,document
4,denial
4,conversion
4,control
4,compose
4,client
4,certain
4,case
4,bypass
4,because
4,access
4,XXE
4,TLS
4,SnakeYAML
4,Security
4,PDF
4,Images.Affected
4,A
3,write
3,without
3,were
3,value
3,uses
3,ticket
3,through
3,these
3,there
3,thanks
3,templating
3,state
3,spoof
3,specially
3,serialized
3,request
3,read
3,processing
3,processes
3,performing
3,only
3,occurs
3,list
3,libraries
3,letting
3,leading
3,incorrect
3,href=https://www.npmjs.com/package/ejs>ejs</a>
3,href=https://snyk.io/blog/fixing-ejs-rce-vuln>Snyk
3,href=https://github.com/JacksonGL>Liang
3,hostname
3,git
3,gain
3,found
3,filter
3,execution
3,escaped
3,engine.Affected
3,either
3,do
3,discovered
3,disclosing
3,default
3,conditions
3,certificate
3,causing
3,blog</a>.There's
3,behaviour
3,authentication
3,applications
3,also
3,allow
3,about
3,User
3,Untrusted
3,Remote
3,RCE
3,Information
3,Gong</a>
3,For
3,External
3,Entity
3,Deserialization
3,AuthenticationProviders
3,Authentication
3,AMPERSAND
2,your
2,written
2,world
2,where
2,viewer.Affected
2,via
2,verified
2,verification.<blockquote>The
2,urls
2,unmarshalling
2,unit
2,type
2,true.This
2,trigger
2,treated
2,translating
2,tool.Affected
2,token
2,time
2,throws
2,take
2,susceptible
2,successfully
2,succeed.Many
2,subsequently
2,subject
2,style
2,structure
2,stack
2,soft
2,sites
2,signaled
2,set
2,server.Affected
2,serious
2,sending
2,secure
2,script
2,run
2,root
2,returns
2,retrieve
2,result
2,response
2,resolution
2,requesting
2,represented
2,references
2,receives
2,received
2,rBACKSLASH
2,quantity
2,provide
2,projects.Affected
2,programming
2,privileges
2,powerful
2,potentially
2,plugin
2,path
2,pass
2,particular
2,parameters
2,page
2,packages
2,override
2,output
2,other
2,option
2,object
2,numerical
2,names
2,name
2,n
2,module
2,memory
2,manifest
2,making
2,loop
2,log
2,like
2,lightweight
2,leakage
2,label
2,known
2,javascript
2,its
2,it's
2,invalid
2,intercept
2,integrates
2,inside
2,information
2,infinite
2,improper
2,implicitly
2,http://localhost:3000/../../../etc/passwd
2,http
2,href=https://www.npmjs.com/package/js-quantities>js-quantities</a>
2,href=https://www.npmjs.com/package/hostr>hostr</a>
2,href=https://www.npmjs.com/package/closure-util>closure-util</a>
2,href=https://snyk.io/vuln/npm:ejs:20161130>Cross-site
2,href=https://snyk.io/vuln/npm:ejs:20161130-1>Denial
2,href=https://snyk.io/vuln/npm:ejs:20161128>Remote
2,href=https://pypi.python.org/pypi/borgbackup>borgbackup</a>
2,href=https://packagist.org/packages/phpmailer/phpmailer>phpmailer/phpmailer</a>
2,href=https://git.ghostscript.com/mupdf.git/>MuPDF</a>
2,hosting
2,host
2,hello
2,have
2,handling
2,framework.Affected
2,framework
2,form
2,following
2,flexible
2,field
2,false.Non-zero
2,failed
2,exploited
2,exploit
2,exception
2,even
2,enter
2,engine
2,encoding
2,doesn't
2,documents
2,digital
2,did
2,declaration
2,count_entries
2,correspondences:</blockquote>0
2,conversion.Affected
2,consume
2,constructor
2,constraints
2,connections
2,configured
2,configuration
2,confidential
2,check
2,causes
2,cases
2,calculation
2,but
2,backup
2,available
2,authenticated
2,authenticate
2,attempts
2,at
2,archives
2,archive
2,another
2,alter
2,allowed
2,aka
2,aim
2,aforementioned
2,administration
2,adding
2,YAML
2,XPS
2,Without
2,Wicket's
2,When
2,Watches
2,Utilities
2,Using
2,Used
2,URI
2,There
2,TIFF
2,Service</a>
2,Selenium
2,Scripting</a>
2,SCRAM-SHA-256
2,SCRAM-SHA-1
2,SAML
2,Patterns
2,Out-of-Bounds.MuPDF
2,OpenSAML
2,Man-in-the-middle
2,MITM
2,LiveReload.Affected
2,Library
2,It
2,Integration
2,Incorrect
2,Improper
2,IdP
2,HTML
2,GET
2,Framework
2,Fast
2,Execution</a>
2,DTD
2,Crypto++
2,Closure
2,Certificate
2,CURLing
2,Bypass
2,By
2,Building
2,BorgBackup
2,ASN1
2,1.0.9
2,0
1,ws
1,wrapper
1,would
1,within
1,widgets
1,websites
1,web-applications.It
1,way
1,vulnerabilities:High
1,vtldap/ldaptive
1,volume
1,visited
1,validateXMLSignature
1,utilized
1,utility
1,usually
1,users.Unlike
1,users
1,used.</blockquote><blockquote>The
1,up
1,untrusted
1,unspecified
1,unserialize
1,unserialization
1,unmarshal
1,unavailable
1,unauthorized
1,types.It
1,types
1,turn
1,true).The
1,true).<blockquote>The
1,trick
1,traversal
1,traffic
1,tqdm._version
1,tqdm
1,tools
1,too.Affected
1,tinymce
1,times
1,thus
1,third-party
1,they
1,then
1,them
1,terminate
1,templates
1,template
1,tasks
1,tags
1,system.##DetailsDenial
1,syntax
1,supports
1,support
1,suitably
1,such
1,subject's
1,stripping
1,string
1,str.format
1,static
1,starttls
1,specially-crafted
1,special
1,so
1,small
1,size
1,should
1,setting
1,servers.Affected
1,servers
1,server.Many
1,server's
1,series
1,sequence
1,sensitive
1,send
1,see
1,securityManager
1,scalability
1,sanitized
1,sandboxed
1,sandbox
1,runc
1,runC
1,return
1,resulting
1,restrictions
1,restriction
1,repository
1,renders
1,rendering
1,render
1,remove
1,removal
1,reliability
1,registerd
1,redirect('233BACKSLASH
1,redirect
1,recovery
1,realtime
1,ready
1,reads
1,python
1,put
1,pure
1,ptraced
1,proxy
1,provider
1,protections
1,properly
1,proof-of-concept
1,project
1,processed
1,privilege
1,prepare
1,prematurely
1,pre-released
1,plugin.Affected
1,platform.Affected
1,placed
1,pipes
1,pid
1,persistent
1,perform
1,passed
1,part
1,parsing
1,parameter
1,package</a>
1,overwrite
1,overlooked
1,overload
1,overflow
1,out
1,otherthan
1,org.cloudfoundry.identity:cloudfoundry-identity-uaa
1,order
1,optional
1,operation
1,openssl
1,open-source
1,oneline
1,one
1,obtain
1,observing
1,npm.Affected
1,non-XML
1,node
1,new
1,negotiation
1,native
1,name=salt
1,nSet-Cookie
1,multiple
1,most
1,modification
1,modern
1,model
1,mitigate
1,mishandling
1,misconfigured
1,method.</blockquote>
1,messaging
1,message
1,media
1,matches
1,many
1,man-in-the-middle
1,makes
1,main
1,machines.When
1,loosely
1,long
1,logs
1,logging
1,localNames
1,load
1,libraries.Two
1,libcrypto++
1,leveraging
1,leverage
1,length
1,legitimate
1,leaks
1,leads
1,launching
1,large
1,language.Affected
1,labels
1,kind
1,it.You
1,issue
1,introducing
1,into
1,internal
1,interface.Affected
1,interacts
1,interaction
1,interacting
1,intended
1,integration.Affected
1,integration
1,insufficient
1,instantiation
1,installs
1,installing
1,inspired
1,insert
1,insecurely
1,inputs
1,inline
1,injecting
1,inject
1,initialization
1,info
1,indicate
1,incorporates
1,including
1,include
1,inaccessible
1,importing
1,implementations
1,implementation
1,impersonate
1,impacts
1,images
1,image
1,identify
1,iOSAffected
1,huge
1,href=npm:ws:20171108>npm
1,href=https://www.npmjs.com/package/windows-build-tools>windows-build-tools</a>
1,href=https://www.npmjs.com/package/tinymce>tinymce</a>
1,href=https://www.npmjs.com/package/steroids>steroids</a>
1,href=https://www.npmjs.com/package/iedriver>iedriver</a>
1,href=https://www.npmjs.com/package/dalek-browser-chrome-canary>dalek-browser-chrome-canary</a>
1,href=https://www.npmjs.com/package/chromedriver>chromedriver</a>
1,href=https://www.npmjs.com/package/botkit>botkit</a>
1,href=https://www.npmjs.com/package/baryton-saxophone>baryton-saxophone</a>
1,href=https://www.npmjs.com/package/apk-parser>apk-parser</a>
1,href=https://wicket.apache.org/>org.apache.wicket:wicket-util</a>
1,href=https://snyk.io/vuln/SNYK-JAVA-COMMONSHTTPCLIENT-30083>CVE-2012-5783</a>
1,href=https://simplesamlphp.org/>simplesamlphp/simplesamlphp</a>
1,href=https://pypi.python.org/pypi/wtforms>wtforms</a>
1,href=https://pypi.python.org/pypi/tqdm>tqdm</a>
1,href=https://pypi.python.org/pypi/sentry>sentry</a>
1,href=https://pypi.python.org/pypi/flower>flower</a>
1,href=https://pypi.python.org/pypi/bottle>bottle</a>
1,href=https://pypi.org/project/Jinja2/>jinja2</a>
1,href=https://packagist.org/packages/swiftmailer/swiftmailer>swiftmailer/swiftmailer</a>
1,href=https://packagist.org/packages/simplesamlphp/simplesamlphp>simplesamlphp/simplesamlphp</a>
1,href=https://packagist.org/packages/simplesamlphp/simplesamlphp-module-infocard>simplesamlphp/simplesamlphp-module-infocard</a>
1,href=https://packagist.org/packages/phpmyadmin/phpmyadmin>phpmyadmin/phpmyadmin</a>
1,href=https://mvnrepository.com/artifact/org.springframework/spring-webmvc>org.springframework:spring-webmvc</a>
1,href=https://mvnrepository.com/artifact/org.springframework.security/spring-security-web>org.springframework.security:spring-security-web</a>
1,href=https://mvnrepository.com/artifact/org.opensaml/opensaml>org.opensaml:opensaml</a>
1,href=https://mvnrepository.com/artifact/org.ldaptive/ldaptive>org.ldaptive:ldaptive</a>
1,href=https://http://cxf.apache.org/>org.apache.cxf:cxf-rt-rs-extension-providers</a>
1,href=https://grizzly.glassfish.org>org.glassfish.grizzly:grizzly-project</a>Affected
1,href=https://github.com/spring-projects/spring-framework>org.springframework:spring-web</a>
1,href=https://github.com/opencontainers/runc>github.com/opencontainers/libcontainer</a>
1,href=https://github.com/apereo/java-cas-client>org.jasig.cas:cas-client-core</a>
1,href=https://github.com/apache/struts>org.apache.struts:struts2-core</a>
1,href=https://github.com/SandeepAggarwal/CryptoppECC.git>CryptoppECC</a>
1,href=https://github.com/Arlem/FFmpeg-iOS>FFmpeg-up-to-date</a>
1,href=https://geode.apache.org>org.apache.geode:geode-core</a>
1,href=https://docs.jboss.org/resteasy/hornetq-rest/1.0-beta-1/userguide/html_single/>org.hornetq.rest:hornetq-rest</a>
1,href=https://camel.apache.org/>org.apache.camel:camel-jackson</a>
1,href=https://brooklyn.apache.org>org.apache.brooklyn:brooklyn</a>
1,href=http://search.maven.org/#search%7Cga%7C1%7Ca%3A%22spring-security-cas%22>org.springframework.security:spring-security-cas</a>When
1,href=http://search.maven.org/#search%7Cga%7C1%7Ca%3A%22spring-oxm%22>org.springframework:spring-oxm</a>When
1,href=http://search.maven.org/#search%7Cga%7C1%7Ca%3A%22smack-tcp%22>org.igniterealtime.smack:smack-tcp</a>Affected
1,href=http://search.maven.org/#search%7Cga%7C1%7Ca%3A%22qpid-broker-core%22>org.apache.qpid:qpid-broker-core</a>Affected
1,href=http://search.maven.org/#search%7Cga%7C1%7Ca%3A%22keycloak-services%22>org.keycloak:keycloak-services</a>It
1,href=http://activemq.apache.org/>org.apache.activemq:activemq-web-console</a>
1,href=SNYK-JAVA-COMMONSFILEUPLOAD-30082>commons-fileupload:commons-fileupload</a>.Crash
1,heap-based
1,handle
1,hack
1,giving
1,genuine
1,generation
1,generating
1,functioning
1,fully
1,free
1,forms
1,folder
1,focused
1,flawed
1,files.You
1,filename
1,file.Affected
1,file-descriptors
1,file
1,features
1,feature
1,fault
1,family
1,extremely
1,extracts
1,extension.</blockquote><blockquote>The
1,extensible
1,expressions
1,exposed
1,exploitable
1,exists
1,existence
1,exist
1,exhaustion
1,execute
1,exec
1,example
1,escaping
1,escapes
1,escape
1,environment.Affected
1,enterprise
1,enough
1,enforced
1,endpoint
1,end
1,encoded
1,enable
1,editor
1,duplicate
1,downtime.One
1,double
1,domain
1,disproportionate
1,disabling
1,disable
1,different
1,differences
1,development.Affected
1,developing
1,developers
1,develop
1,determine
1,detection
1,deserialized
1,describes
1,deployment
1,depending
1,demonstrated
1,defaults
1,decoder
1,deals
1,curve
1,cryptopp
1,cryptography)Affected
1,cryptographic
1,crippling
1,crash.You
1,craft
1,coupled
1,copy
1,controls
1,control.The
1,containing
1,contain
1,constraint
1,console
1,consider
1,condition
1,compressed
1,comprehensive
1,components
1,compiled
1,common
1,commands
1,comes
1,clog
1,client.Affected
1,cleartext
1,classpath
1,circumstances
1,chunks
1,choices
1,checking
1,change
1,cast
1,caption
1,calling
1,called
1,call
1,built-in
1,bug
1,buffer
1,browser
1,breaching
1,bounds
1,bottle.py
1,blocks
1,being
1,been
1,bean
1,back-channel
1,autoloading
1,authenticationAffected
1,authenticating
1,attributes
1,attribute
1,associated
1,assists
1,assert
1,arrays
1,architecture
1,arbitrary
1,apply
1,applications.Affected
1,amount
1,always
1,allocates
1,all
1,algorithm
1,aimed
1,aggregation
1,against
1,addresses
1,additional
1,accounts.<strong>Note:</strong>
1,accessing
1,able
1,ability
1,Zend_InfoCard_Xml_Security
1,Zend
1,XMLSecDSig
1,X.508
1,Write.ImageMagick
1,Windows.Affected
1,Windows
1,Wicket
1,WYSIWYG
1,WTForms
1,WSGI-framework
1,Vulnerability
1,Validation.It
1,Validation.HttpResource
1,URLValidator
1,UAA
1,Traversal.Paths
1,Tools
1,Such
1,Steroids
1,Spoofing
1,Specifically
1,Some
1,SimpleSAMLphp
1,SimpleSAML_XML_Validator
1,Shibboleth
1,Service</em>
1,Server
1,Selenium.Affected
1,SecurityMode.required
1,Security's
1,SecByteBlock
1,Scripting</em>
1,Sandbox
1,SCRAM
1,SASL
1,SAML).Affected
1,RobRichardsBACKSLASH
1,ResourceServlet
1,Resource
1,Request
1,Rather
1,REST/HTTP
1,REST
1,Qpid
1,Python
1,Proxy
1,Provider
1,Progress
1,Privilege
1,Platform.Affected
1,Parameter
1,Overwrite
1,Out-of-bounds
1,Out-of-Bounds.ImageMagick
1,NameID
1,NPM
1,MySQL
1,Model-View-Controller
1,Meter.Affected
1,Markup
1,Manifest
1,Management
1,Man-in-the-Middle
1,Mac
1,MVC
1,Linux
1,Line
1,Language
1,LDAP
1,Kryo
1,KeyCloak's
1,KeyCloak
1,Java-based
1,Jakarta
1,JacksonXML
1,Jackson
1,JVM
1,JBoss
1,JA-SIG
1,Interface.Affected
1,InjectionIt
1,Injection.This
1,Injection.HornetQ
1,InfoCard
1,ImageMagicks's
1,ImageMagick
1,Identity
1,ISerializer
1,IP
1,IO
1,IEDriver.Affected
1,HttpClient
1,HornetQ
1,Google
1,Free.The
1,Foundry
1,Forgery
1,Flower.Affected
1,FileBackedHttpResource
1,File
1,FFmpeg
1,FB/users
1,Extensible
1,Exposure.The
1,Exposure.RunC
1,Exposure
1,Execution</em>
1,Execution.Apache
1,Example
1,Escalation.An
1,Errors.ImageMagick
1,Enterprise
1,ECC(Elliptic
1,Double
1,DoS).If
1,DoS).CryptoppECC
1,DoS).A
1,Django
1,Distributed
1,DiskFileItem
1,Directory
1,DeferredFileOutputStream
1,Data.Depending
1,Data.Apache
1,Data
1,DalekJS
1,DDoS
1,CryptoppECC-Encryption/Decryption
1,Consumption
1,Component-based
1,Commons
1,Command
1,Cloud
1,ChromeDriver
1,Chrome.Affected
1,Celery
1,Camel's
1,CVE-2014-3599
1,CSRF
1,CRLF
1,CPU/Memory
1,CN
1,C++
1,Bypass.Users
1,Bypass.It
1,Build
1,Broker
1,Bots.Affected
1,Borg
1,BACKSLASH
1,AuthenticationProvider
1,Assertion
1,As
1,Archives
1,AppGyver
1,Android
1,Among
1,Additionaly
1,Account
1,AVI
1,APK
1,API
1,<em>Remote
1,<em>Denial
1,<em>Cross-site
1,3.x
1,0.10.0
