94,connection
86,vulnerable
84,versions
78,package
53,attacks
53,execution
52,server
49,secure
58,remote
49,rce
48,host
48,even
47,serious
47,received
47,protocol
47,packages
47,intercept
48,insecure
47,downloading
47,cases
47,alter
47,mitm
47,middle
47,man
14,data
13,wrapper
12,library
11,xml
9,html
8,web
8,vulnerability
8,documents
8,attackers
8,xss
8,scripting
8,cross-site
7,sensitive
6,opting
5,property
7,node.js
5,list
5,apple
4,simple
4,powers
4,part
4,libxml2
4,libraries
4,format
4,execute
4,engine
6,core
4,context
4,xxe
6,node
4,microsoft
5,management
7,javascript
4,edge.affected
4,chakra
4,validation
3,validate
5,service
4,server.affected
3,series
3,script
3,plugin
3,perform
3,parsing
3,open-source
4,npm
3,load
3,installs
3,href=https://github.com/libimobiledevice/libplist.git>libplist</a>
3,fails
3,encoded
3,binding
3,binary
3,binaries.affected
3,automation
3,xmlaffected
3,privilege
4,out-of-bounds
3,nonet
3,jenkins
3,http
3,dtdload
2,x86
2,write
2,vulnerabilities
2,validated
2,valid
2,use-after-free
2,unauthorized
2,tool
2,text
2,table
2,system
2,supporting
2,stored
2,specify
2,simplify
2,sets
2,security
2,secrets
2,retrieve
2,result
2,requests.an
2,requests
2,release
2,project
2,pod
2,platform.affected
3,passwords
2,password
2,parser
2,overrides.affected
2,morphology
2,module
2,model
2,mode
2,middleware
2,markdown
2,making
2,linux
2,libxslt
2,length
2,lack
2,internal
2,input
2,injection
2,information.<strong>note:</strong>
2,ios
2,href=https://www.nuget.org/packages/microsoft.chakracore>microsoft.chakracore</a>
2,href=https://www.nuget.org/packages/microsoft.chakracore.vc140/>microsoft.chakracore.vc140</a>
2,href=https://www.npmjs.com/package/sfml>sfml</a>
2,href=https://www.npmjs.com/package/poco>poco</a>
2,href=https://www.npmjs.com/package/cmake>cmake</a>
2,href=https://pypi.python.org/pypi/plone>plone</a>
2,href=https://imagemagick.org/download/ios/>imagemagick</a>
3,href=https://github.com/jenkinsci/jenkins>org.jenkins-ci.main:jenkins-core</a>
4,external
2,exploited
2,expansion
2,entities
2,edit
2,distributed
2,development
2,designed
2,depends
2,crafting
2,convert
2,controls
2,control
2,compose
2,cmake
2,cipher
3,bypass
2,bug
2,block
2,basic
2,authenticated
2,applications.affected
2,analyzer
2,also
2,allowing
2,aids
2,across
2,able
2,yandex.ruaffected
2,webdriver
2,uris
2,uri
2,uaf
2,system.affected
2,selenium
2,see
2,sfml.affected
2,sax
3,resource
2,parse.cpp
2,poco
2,openssl
2,nodemanager
2,mystem
2,kestrel
2,java
2,jwt
2,ismissingitem
3,images.affected
2,hive
2,entity
3,deprecated
3,denial
3,content
3,compiler
3,bindings
2,apache
2,ansible
2,asp.net
2,air
2,1.5.4).affected
1,zero
1,writing
1,wixtoolset
1,windows
1,whether
1,website
1,web-based
1,way.affected
1,warehouse
1,voice
1,views
1,view
1,values
1,value
1,utilizes
1,unnecessary
1,uninitialized
1,tunnel
1,trusted
1,translation
1,top
1,tools.affected
1,toolkit
1,tokens
1,token
1,tinymce
1,tight
1,thus
1,thulac.affected
1,third-party
1,testing.affected
2,testing
1,tampering
1,taking
1,tag
1,tables
1,synthesizer
1,symmetric
1,susceptible
1,support.affected
1,supply
1,structure
1,string
1,storage
1,steal
1,static
1,standardizes
1,split
1,speech
1,specific
1,spec
1,sources/folders.queries.php
1,source
1,software
1,socket.affected
1,soci
1,sniffing
1,slimerjs.affected
1,size
1,signing
1,signed
2,signature
1,shorter
1,ship
1,serialized
1,sending
1,send
1,selectors.affected
1,security-sensitive
1,securely
1,search
1,scheme
1,scale
1,sass
2,sandbox
1,run
1,ruby
1,routing
1,risks
1,residing
1,reset
1,request
1,rendering
1,regardless
1,redis-server.affected
1,real-time.affected
1,reading
1,react
1,raster
1,quick
1,query
1,provided
1,protection
1,protected
1,projects
1,project.affected
1,programming
1,program
1,produce
1,predictable
1,policy
1,policies
1,plistutil.c
1,platforms.affected
1,phase
1,periodic
1,path
1,passes
1,party
1,parts
1,parameters
1,pages
1,packet
1,package.affected
1,out-of-bound
1,otherwise
1,order
1,options
1,option.nokogiri
1,opted
1,operations.affected
1,opening
1,only.affected
1,offset
1,off-by-one
1,number
1,npm.affected
1,nonces
1,non-deprecated
2,nodejs.affected
1,node-sass-binaries.affected
1,node-sass
2,network
1,near
1,native.affected
1,mysql.affected
1,multi-provider
1,more.affected
1,models.affected
1,mitigate
1,mime
1,messages
1,memory
1,media
1,mechanism
1,master
1,masking
1,masked
1,marionette-js-runner
1,many
1,manipulation
1,managing
1,malicious
1,malformed
1,makes
1,main
1,log
1,loaded
1,link](data:text/html;base64,phnjcmlwdd5hbgvydcgnwfntjyk8l3njcmlwdd4k)</pre>
1,line
1,libtins.affected
1,libavcodec/pngdec.c
1,layer
1,launched
1,latest
1,lacks
1,kinds
1,keys
2,key
1,jstestdriver.affected
1,jgiven.affected
1,jdf
1,jquery
1,itself.attackers
1,involving
1,intranet
1,interface
1,integrationthe
2,insufficient
1,installing
1,installed
1,information.an
1,improperly
1,implicitly
1,implementations
1,images
1,image
1,html.affected
1,href=https://www.nuget.org/packages/microsoft.identitymodel.tokens>microsoft.identitymodel.tokens</a>
1,href=https://www.nuget.org/packages/microsoft.aspnetcore.mvc.core>microsoft.aspnetcore.mvc.core</a>
1,href=https://www.nuget.org/packages/microsoft.aspnetcore.httpoverrides/>microsoft.aspnetcore.server.kestrel.core</a>
1,href=https://www.nuget.org/packages/microsoft.aspnetcore.httpoverrides/>microsoft.aspnetcore.httpoverrides</a>
1,href=https://www.npmjs.com/package/xd-testing>xd-testing</a>
1,href=https://www.npmjs.com/package/wixtoolset>wixtoolset</a>
1,href=https://www.npmjs.com/package/windows-latestchromedriver>windows-latestchromedriver</a>
1,href=https://www.npmjs.com/package/webrtc-native>webrtc-native</a>
1,href=https://www.npmjs.com/package/webdrvr>webdrvr</a>
1,href=https://www.npmjs.com/package/webdriver-launcher>webdriver-launcher</a>
1,href=https://www.npmjs.com/package/tomita>tomita</a>
1,href=https://www.npmjs.com/package/tinymce>tinymce</a>
1,href=https://www.npmjs.com/package/soci>soci</a>
1,href=https://www.npmjs.com/package/slimerjs-edge>slimerjs-edge</a>
1,href=https://www.npmjs.com/package/sauce-connect>sauce-connect</a>
1,href=https://www.npmjs.com/package/resourcehacker>resourcehacker</a>
1,href=https://www.npmjs.com/package/redis-srvr>redis-srvr</a>
1,href=https://www.npmjs.com/package/react-native-baidu-voice-synthesizer>react-native-baidu-voice-synthesizer</a>
1,href=https://www.npmjs.com/package/qbs>qbs</a>
1,href=https://www.npmjs.com/package/prebuild-lwip>prebuild-lwip</a>
1,href=https://www.npmjs.com/package/phantomjs-cheniu>phantomjs-cheniu</a>
1,href=https://www.npmjs.com/package/ntfserver>ntfserver</a>
1,href=https://www.npmjs.com/package/node-thulac>node-thulac</a>
1,href=https://www.npmjs.com/package/node-bsdiff-android>node-bsdiff-android</a>
1,href=https://www.npmjs.com/package/node-air-sdk>node-air-sdk</a>
1,href=https://www.npmjs.com/package/native-opencv>native-opencv</a>
1,href=https://www.npmjs.com/package/mystem>mystem</a>
1,href=https://www.npmjs.com/package/mystem-fix>mystem-fix</a>
1,href=https://www.npmjs.com/package/mysql>mysql</a>
1,href=https://www.npmjs.com/package/marked>marked</a>
1,href=https://www.npmjs.com/package/marionette-socket-host>marionette-socket-host</a>
1,href=https://www.npmjs.com/package/jstestdriver>jstestdriver</a>
1,href=https://www.npmjs.com/package/js-given>js-given</a>
1,href=https://www.npmjs.com/package/jdf-sass>jdf-sass</a>
1,href=https://www.npmjs.com/package/imageoptim>imageoptim</a>
1,href=https://www.npmjs.com/package/herbivore>herbivore</a>
1,href=https://www.npmjs.com/package/haxe>haxe</a>affected
1,href=https://www.npmjs.com/package/haxe-dev>haxe-dev</a>
1,href=https://www.npmjs.com/package/grunt-images>grunt-images</a>
1,href=https://www.npmjs.com/package/grunt-ccompiler>grunt-ccompiler</a>
1,href=https://www.npmjs.com/package/ghost>ghost</a>
1,href=https://www.npmjs.com/package/frames-compiler>frames-compiler</a>
1,href=https://www.npmjs.com/package/fis-parser-sass-bin>fis-parser-sass-bin</a>
1,href=https://www.npmjs.com/package/dalek-browser-chrome>dalek-browser-chrome</a>
1,href=https://www.npmjs.com/package/cobalt-cli>cobalt-cli</a>
1,href=https://www.npmjs.com/package/co-cli-installer>co-cli-installer</a>
1,href=https://www.npmjs.com/package/clang-extra>clang-extra</a>
1,href=https://www.npmjs.com/package/arrayfire-js>arrayfire-js</a>
1,href=https://www.npmjs.com/package/angular-gettext>angular-gettext</a>
1,href=https://www.npmjs.com/package/air-sdk>air-sdk</a>
1,href=https://snyk.io/vuln/snyk-ruby-nokogiri-20299>here</a>
1,href=https://snyk.io/vuln/snyk-ruby-nokogiri-20298>here</a>
1,href=https://rubygems.org/gems/nokogiri>nokogiri</a>
1,href=https://rubygems.org/gems/haml>haml</a>
1,href=https://rubygems.org/gems/fluentd>fluentd</a>
1,href=https://pypi.python.org/pypi/weblate>weblate</a>
1,href=https://pypi.python.org/pypi/ansible>ansible</a>
1,href=https://packagist.org/packages/typo3/cms>typo3/cms</a>
1,href=https://packagist.org/packages/squizlabs/php_codesniffer>squizlabs/php_codesniffer</a>
1,href=https://openssl.org/source/openssl-1.0.2j.tar.gz>openssl</a>
1,href=https://nokogiri.org>nokogiri</a>
1,href=https://hcatalog.hive.apache.org>org.apache.hive.hcatalog:hive-hcatalog-core</a>
1,href=https://hadoop.apache.org>org.apache.hadoop:hadoop-common</a>
1,href=https://github.com/omniauth/omniauth>omniauth</a>
1,href=https://github.com/nilsteampassnet/teampass>nilsteampassnet/teampass</a>
1,href=https://github.com/inversoft/prime-jwt>com.inversoft:prime-jwt</a>
1,href=https://github.com/chrisballinger/ffmpeg-ios>ffmpeg</a>
1,href=http://pypi.python.org/pypi/pycryptodome>pycryptodome</a>
1,holds
1,helps
1,header
1,hashes
1,harm
1,happen
2,grunt
1,gone
1,gives
1,given
1,generator
2,gem
1,frontend
2,framework
1,formatters
1,format.<pre><code
1,form
1,fork
1,fis
1,filtration
1,filters
1,filter
1,files
1,file.affected
1,file
1,fast
1,facts
1,facilitates
1,express
1,expose
1,explorer
1,executable
1,example
1,establishing
1,environment
1,enumerate
1,enforcement
1,encryption
1,encrypting
1,encrypt
1,enable
1,embedding
1,email
1,elements
1,elegant
1,either
1,editor).affected
1,editor
1,edge
1,easier
1,e.g
1,driver
1,downloads
1,door
1,disclosing
1,directly
1,developing
1,depending
1,deliver
1,defined
1,decoded
1,decode_zbuf
1,datasets
1,daily
2,cryptographic
1,crypto/ecdsa/ecdsa_ossl.c
1,cross-device
1,correctly
1,conventions
1,control.the
1,containing
1,contained
1,configs
1,config
1,computers
1,compression
1,comprehensive
1,compiled
1,compile
1,common
1,columns
1,collector
1,collect
1,coders/mat.c
1,clusters
1,client
1,class=language-html>[xss
1,clang-extra
1,chromium
1,chromedriver.exeaffected
2,check
1,certificate
1,caused
1,callback
1,cache-timing
1,bytes
1,bsdiff
1,browser
1,body
1,blogging
1,bleeding
1,become
1,based
1,base64decode
1,base64.c
1,base64
1,baidu
1,background
1,back
1,automationaffected
1,authenticity_token
1,authentication
1,attribute
1,attacks.nokogiri
1,attacks.data
1,associated
1,around
1,appears
1,angular-gettext
1,allowed
1,allocation
1,algorithms.affected
1,aim
1,agents
1,address
1,additional
1,addition
1,accounts
1,account
1,accesses
1,ability
1,yandex
1,xpath
1,write.coders/psd.c
1,write.the
1,weblate
1,webrtc
1,webkit
1,wysiwyg
1,url
1,tomita
1,shell
1,saucelabs
1,sauceconnect.jar
1,ssl/tls
1,ssl
1,sql.affected
1,sdk.affected
1,sdk
1,reader.affected
1,reader
1,readmatimage
1,read.the
1,ranger
1,randomness.random
1,radically
1,python.affected
1,python
1,plugin.affected
1,permission
1,parseraffected
1,parameter
1,psd
1,post
1,pgp
1,opencv
1,nokogiri
1,mysql
1,microsoft.identitymodel.tokens
1,manager.affected
1,mac
1,launcher.affected
1,llvm's
1,ldap
1,jwtdecoder.decode
1,injectionwhen
1,iosdriver
1,iedriver
1,headless
1,hacker
1,google's
1,google
1,ghostdriver.affected
1,gettext
1,get
1,frames
1,ffmpeg
1,exposure.the
1,exposure.imagemagick
1,exposure.if
1,exposure
1,escalation.a
1,errors.openssl
1,errors.it
1,ecb
1,dos).the
1,disclosure.apache
1,dalekjs.affected
1,dos
1,cypher
1,crypto
1,credentialprovider
1,container
1,command
1,collaborative
1,cocoapods.affected
1,closure
1,chromedriver
1,chrome
1,css3
1,bypass.plone
1,built
1,bn_mod_inverse
1,bn_flg_consttime
1,arrayfire
1,angular.js.affected
1,adobe
1,apk
1,apiaffected
1,api
1,aes
1,<script>alert('xss')</script>
1,5.x
1,4.x
1,3.2.2.affected
1,2.3.x
1,2.2.x
1,2.1.x
