76,package
64,vulnerable
64,versions
16,memory
16,current
15,cross-site
14,vulnerability
15,system
14,rights
14,engine
12,microsoft
11,objects
18,scripting
11,chakra
10,new
9,xss
8,user's
8,part
8,malicious
8,files
8,exploited
8,core
8,execution
7,powers
7,href=https://www.nuget.org/packages/microsoft.chakracore>microsoft.chakracore</a>
7,execute
7,data
7,service
9,javascript
8,injection
7,denial
6,view
6,spreadsheet
6,properties
6,handles
6,development
6,context
6,change
6,block
7,attacks
7,remote
6,csv
8,web
5,still
5,static
5,server
5,primarily
5,modern
5,maintained
5,foundation
5,focused
6,file
6,delete
5,corrupt
5,control
6,toolkit
5,php
5,edge.affected
5,dojo.affected
5,dojo
7,directory
4,take
4,spreadsheets
4,requests
8,request
4,programs
4,loop
4,logged
4,library
5,key
4,install
4,infinite
4,full
4,exploiting
4,databasesaffected
4,computer
4,administrative
4,accounts
4,rce
4,postgresql
4,mysql
4,forgery
4,faq
4,exposure
4,edge
4,api
3,zip
3,verify
5,untrusted
3,start
3,source
3,simple
3,questions
6,prototype
3,protocol.affected
3,present
3,platform.affected
3,permission
3,origin
3,one
3,login
3,limit
3,insufficient
6,input
3,eth/api_tracer.go
3,end
4,customer
3,causing
3,applications
3,able
3,ability
3,xxe
3,xml
3,validation.tracechain
3,java
3,improper
3,http
5,framework.affected
3,external
3,ethereum
4,entity
2,working
2,websites
2,websiteexfiltrating
2,website
2,warnings
2,vulnerabilities
2,value
2,tricked
2,tooltip
2,tokenizer
2,token
2,three
2,text
2,tendency
3,system.affected
2,stop
2,starting
2,software.hijacking
2,software
2,sent
2,security
2,rules
2,responding
2,recurrence
2,react.affected
2,program
2,plaintext
2,perform
2,payload
2,password
2,parser.affected
2,parameter
2,offers
2,occurs
2,nodes
2,more.affected
2,model
2,merge.recursive
2,merge
2,learning
2,lack
2,known
2,interpreted
2,inside
2,inject
2,importing
2,ignore
2,icalendar
2,html.parse
2,href=https://www.npmjs.com/package/merge>merge</a>
2,href=https://packagist.org/packages/thorsten/phpmyfaq>thorsten/phpmyfaq</a>
2,href=https://packagist.org/packages/phpmyfaq/phpmyfaq>phpmyfaq/phpmyfaq</a>
2,href=https://packagist.org/packages/moodle/moodle>moodle/moodle</a>
2,href=https://mvnrepository.com/artifact/org.elasticsearch/elasticsearch>org.elasticsearch:elasticsearch</a>
2,href=http://freefr.dl.sourceforge.net/project/zziplib/zziplib13/0.13.59/zziplib-0.13.59.tar.bz2>zziplib</a>
2,hash
2,golang
2,formulas
4,formula
2,fileaffected
2,extract
2,embed
2,easily
2,downloaded
2,distribute
2,displayed
2,deserialize
2,desc
2,defined
2,dates
2,data.affected
2,contents
4,content
2,configured
2,cluster
2,client
2,checking
2,checked
2,cells
2,calls
2,call
2,calendar
2,body
3,authentication
2,attempt
2,attacks:hijacking
2,archived
2,applications.affected
2,also
3,admin
2,adding
2,account
3,websocket
2,vert.x.affected
2,traversal
2,sessiondata
2,serializationsessiondatatranscoder.decode
3,search
2,replacement
2,rfc
2,restful
2,rest
2,rce)due
2,pollution
2,objectinputstream.readobject
3,module
3,management
2,maliciously
2,injection.csv
2,hot
2,html5-compliant
2,hmr
2,flask
2,engine.affected
2,edgeaffected
2,dos)due
2,dos).an
3,django
2,distributed
2,deserialization
2,data.the
2,content-length
3,command
2,chakracore
2,csrf)due
2,csrf
1,{'prototype
1,{'isadmin
1,zzip_parse_root_directory
1,youadd
1,ws://127.0.0.1:3123
1,webserver
1,warranted
1,wait
1,visits
1,verification
1,various
1,variety
1,validation
1,userâ€™s
1,user-friendly
1,upload
1,update
1,unprotected
1,true}}}')defaultsdeep({}
1,transit
1,traffic
1,top
1,timeout
1,thinkphp
1,template
1,targeted
1,target
1,symlink
1,subnet
1,structured
1,stored
1,storage
1,steal
1,static/js
1,spoofing
1,specifying
1,site
1,simplify
1,simple-to-use
1,share
1,severity
1,service.affected
1,server-side
1,sequences
1,scenario
1,sanitize
1,reset
1,requiring
1,required
1,require('defaults-deep')var
1,replicated
1,release
1,recursively
1,receiving
1,receive
1,reading
1,rapid
1,quiz
1,protocol
1,properties/values
1,project
1,processes.affected
1,pragmatic
1,plugin
1,permissions
1,paths
1,passing
1,particular
1,parsers
1,parser
1,parsesoapmethodname
1,page
1,overwrite
1,outside
1,opensourse
1,objects.##poc<pre>var
1,object.affected
1,numbers
1,node
1,neutralize
1,network
1,monitoring
1,modify
1,mobile
1,missing
1,middle
2,micro
1,metadata
1,man
1,looking
1,location
1,list
1,link
1,line
1,library.affected
1,libraries.affected
1,level
1,lets
1,legacy
1,leaks
1,later
1,label
1,isvalid
1,inzip.c
1,interfaces
1,intercept
1,intentionally
1,inner
1,injecting
1,initial
1,info
1,improperly
1,imported
1,ignored
1,href=https://www.nuget.org/packages/microsoft.data.odata/>microsoft.data.odata</a>
1,href=https://www.npmjs.com/package/tianma-static>tianma-static</a>
1,href=https://www.npmjs.com/package/takeapeek>takeapeek</a>
1,href=https://www.npmjs.com/package/rrule>rrule</a>
1,href=https://www.npmjs.com/package/rrule>org.webjars.npm:rrule</a>
1,href=https://www.npmjs.com/package/react-tooltip>react-tooltip</a>
1,href=https://www.npmjs.com/package/react-tooltip>org.webjars.npm:react-tooltip</a>
1,href=https://www.npmjs.com/package/ps>ps</a>
1,href=https://www.npmjs.com/package/parcel-bundler>parcel-bundler</a>
1,href=https://www.npmjs.com/package/knightjs>knight</a>
1,href=https://www.npmjs.com/package/browserify-hmr>browserify-hmr</a>
1,href=https://www.npmjs.com/package/ascii-art>ascii-art</a>
1,href=https://rubygems.org/gems/jekyll>jekyll</a>
1,href=https://pypi.org/project/mayan-edms/>mayan-edms</a>
1,href=https://pypi.org/project/djoser/>djoser</a>
1,href=https://pypi.org/project/djangorestframework-api-key/>djangorestframework-api-key</a>
1,href=https://pypi.org/project/django-storages/>django-storages</a>
1,href=https://pypi.org/project/django-crm/>django-crm</a>
1,href=https://pypi.org/project/flask-admin/>flask-admin</a>
1,href=https://pypi.org/project/django/>django</a>
1,href=https://packagist.org/packages/topthink/think>topthink/think</a>
1,href=https://packagist.org/packages/magento/core>magento/core</a>
1,href=https://packagist.org/packages/lavalite/cms>lavalite/cms</a>
1,href=https://packagist.org/packages/gleez/cms>gleez/cms</a>
1,href=https://godoc.org/golang.org/x/net/html>golang.org/x/net/html</a>
1,href=https://godoc.org/github.com/ethereum/go-ethereum/eth>github.com/ethereum/go-ethereum/eth</a>
1,href=https://github.com/vert-x3/vertx-web>io.vertx:vertx-web</a>
1,href=https://github.com/vert-x3/vertx-web>io.vertx:vertx-web-api-contract</a>
1,href=https://github.com/pippo-java/pippo>ro.pippo:pippo-session</a>
1,href=https://github.com/pippo-java/pippo>ro.pippo:pippo-core</a>
1,href=https://github.com/jonschlinkert/defaults-deep>defaults-deep</a>
1,href=https://github.com/javamelody/javamelody>net.bull.javamelody:javamelody-core</a>
1,href=https://github.com/golang/net>github.com/golang/net/html</a>
1,href=https://github.com/ethereum/go-ethereum>gethdevelop</a>
1,href=https://github.com/ethereum/go-ethereum>geth</a>
1,href=https://github.com/blynkkk/blynk-server>cc.blynk.server.api.core:http-core</a>
1,href=https://github.com/apache/tika>org.apache.tika:tika-core</a>
1,href=https://github.com/apache/nifi>org.apache.nifi:nifi-web-api</a>
1,href=https://github.com/apache/nifi>org.apache.nif:nifi-framework-cluster</a>
1,href=https://dojo.io/>org.webjars:dojo</a>
1,href=https://dojo.io/>org.webjars.npm:dojo</a>
1,href=https://dojo.io/>org.webjars.bowergithub.dojo:dojo</a>
1,href=https://dojo.io/>org.webjars.bower:dojo</a>
1,href=https://dojo.io/>dojo</a>
1,href=http://mvnrepository.com/artifact/org.springframework.amqp/spring-amqp>org.springframework.amqp:spring-amqp</a>
1,hostname
1,help
1,graphics.affected
1,generator.affected
1,functionalities
1,free
1,framework
1,forwarded
1,form
1,fonts
1,figlet
1,extracting
1,extension
1,extend
1,expansion
1,existing
1,excess
1,eventually
1,etc/passwd
1,enumerations
1,entire
1,enforcement
1,endpoint
1,encourages
1,either
1,drop
1,drag
1,domain
1,documents
1,document
1,developed
1,detecting
1,despite
1,design
1,defaultsdeep
1,defaults-deep
1,database
1,damage
1,corruption
1,copies
1,controlled
1,connection
1,configuration
1,config.yml
1,condition's
1,compromise
1,complex
1,commands
1,command.affected
1,client/job/job/zy8pwbekrj/edit
1,clean
1,class
1,check
1,certificate
1,cabinet
1,bundler.affected
1,bull/javamelody/payloadnamerequestwrapper.java
1,browsers
1,blog
1,behavior
1,beginning
1,batteries-included
1,based
1,backends
1,aware
1,attempts
2,ascii
1,art
1,argument
1,ansi
1,allowing
1,aimed
1,add
1,accepted
1,xss)via
1,windows
1,webpack's
1,wml
1,url
1,uri
1,traversalin
1,traversal.the
1,traversal.it
1,things.affected
1,systems
1,spring
1,severe
1,sql
1,s3botostorage
1,restriction
1,rabbitmq.affected
1,python
1,privilege
1,pollution.provided
1,platform
1,pid
1,operating
1,odata
1,node.js.affected
1,node.js
1,net
1,mitm
1,man-in-the-middle
1,magento
1,laravel
1,javaee
1,json.parse('{'constructor
1,internet
1,insecure
1,injectionvia
1,injection.the
1,exposurenone
1,exposure.none
1,exposure.a
1,escalation.the
1,edition.affected
1,dos).when
1,dos).the
1,dos
1,community
1,csrf).the
1,crm
1,bypass.the
1,bypass.a
1,browserify.affected
1,backslash
1,anyone
1,arp
1,amqp
1,<http://flask.pocoo.org/>
1,5.5.affected
