60,package
59,vulnerable
58,versions
20,file
15,system
14,xml
13,cross-site
12,vulnerability
12,rights
13,data
12,current
16,scripting
12,server
16,service
12,denial
9,execute
9,attacks
10,entity
15,remote
8,memory
8,exploited
8,engine
8,control
8,xss
8,microsoft
8,chakra
7,source
8,parser
7,xxe
7,dos
6,thus
6,material
6,core
6,allowing
11,prototype
7,external
7,execution
5,templating
5,take
5,path
9,objects
5,new
5,malicious
5,install
5,handles
5,full
5,extension
5,attackers
5,yaml
4,view
4,values
4,target
4,programs
4,powers
4,part
4,middleware
4,logged
4,language.affected
4,href=https://www.nuget.org/packages/microsoft.chakracore>microsoft.chakracore</a>
4,href=https://www.npmjs.com/package/rendertron-middleware>rendertron-middleware</a>
4,headers
4,files
4,delete
4,context
4,configuration
4,change
4,based
4,automation
6,archive
4,alter
4,administrative
4,accounts
4,rendertron.affected
4,pollution.templates
4,mustache
8,javascript
4,java
4,http
4,express
4,edge
6,zip
3,victim
3,value
3,unit
3,testing
3,task
3,security
3,results
3,requests
4,request
3,one
3,module
3,mdt-row
3,management
4,library
4,input
3,href=https://github.com/jenkinsci/jenkins>org.jenkins-ci.main:jenkins-core</a>
3,google
3,framework.affected
3,folder
3,design
3,components.affected
3,complete
4,client
3,appear
3,angular
3,allowed
3,xss).this
3,search
3,eternal
4,distributed
4,directory
3,api
2,zero-dependency
2,yaml-cpp
2,weak
2,vulnerabilities
2,unescaped
2,unavailable
2,unauthorized
3,time
2,system.affected
2,stored
2,storage
2,stack
2,spec
2,sockets
2,server.affected
2,sensitive
2,sending
2,run
2,route
2,return
2,result
2,responses
2,regex
2,reference
2,random
2,provider
2,properties
2,project
2,perform
2,parameter
2,order
2,network
2,missing
2,mature
2,making
2,make
2,loop
3,local
2,loader
2,load
2,interpret
2,integration
2,instance
2,initialization
2,incorrectly
2,inconsistently
3,improper
2,identifiers
2,href=https://mvnrepository.com/artifact/org.elasticsearch/elasticsearch>org.elasticsearch:elasticsearch</a>
2,href=https://github.com/jbeder/yaml-cpp/>yaml-cpp</a>
2,heap
2,generating
2,field
2,extractxmlconfigfrominputstream
2,exhaustion/infinite
3,example
2,ending
2,emitter
2,duplicate
2,credentials
2,corruption
2,corrupt
2,containing
3,consumption
2,com/mchange/v2/c3p0/cfg/c3p0configxmlutils.java
2,clickjacking
2,character
2,causes
2,browsers
2,attribute
2,applied
2,also
2,able
2,x-frame-options
2,write
3,web
2,urls
2,slip).it
2,saml
2,regular
2,redos).some
2,restful
2,rce)due
2,rce
2,pollution.an
2,object.prototype
2,node
2,libyaml-c++
2,jdbc
2,injectionvia
2,injection.this
2,gsa
3,extraction
2,expression
2,exposure.an
2,executionvia
2,engine.affected
2,edgeaffected
2,edge.affected
3,dos).the
2,datasources
2,connection
2,commonmark
2,clickjacking.the
2,c++affected
2,6+.affected
1,writer
1,workspace
1,workflow
1,websites
1,webpage
1,webdav/servlet/common/postrequestpars.java
1,webdav/servlet/common/methodbase.java
1,web.affected
1,vvv
1,vulnerabilities:high
1,volume
1,visualization
1,visits
1,various
1,validates
1,valid
1,usually
1,users.unlike
1,user-account
1,user's
1,useful
1,untrusted
1,unsafe
1,unmaintained
1,unique
1,understand
1,un-intended
1,turn
1,traversing
2,traversal
1,traffic
1,traditional
1,towards
1,tool
1,them.denial
1,targeting
1,tag
1,supports
1,subsequent
1,submit
1,stylesheet
1,str_rot_pass
1,stdout
1,stderr
1,std
1,start
1,stapler/core/src/main/java/org/kohsuke/stapler/metaclass.java
1,standards-compliant
1,ssh
1,specify
1,specified
1,specification.affected
1,specifically
1,simple
1,shutdown
1,show
1,sets
1,servlet.affected
1,serving
1,services
1,server..affected
1,serialization
1,schema.affected
1,sanitized
1,sanitization
1,runtime
1,routines
1,root/.ssh/authorized_keys
1,root/.ssh
1,reuse
1,retry
1,responsible
1,resolution
1,repository
1,render
1,remotely
1,relevant
1,relatively
1,relative
1,reflected
1,recorded
1,record
1,reconcile
1,recognize
1,raw
1,quite
1,quickly
2,proxy
1,protocols
1,profile
1,processxml
1,problem
1,preventing
1,powered
1,power
1,popular
2,pooling
1,platforms
1,platform.affected
1,pipes
1,pipelines
1,phar
1,permanent
1,paths
1,path-traversal
1,passwords.affected
1,passwords
1,passed
1,participate
1,parsed
1,parsecontent
1,page
1,packages
1,package</a>
1,package.json
1,overwritten
1,overwriting
1,overwrite
1,outside
1,output
1,org.apache.nifi:nifi-jetty
1,opens
1,opening
1,ones
1,occurs
1,object.assign
1,notation.affected
1,non-administrator
1,node_modules
1,newly
1,newline
1,never
1,needed
1,nanoseconds
1,much
1,more.affected
1,modules.affected
1,migration
1,migrated
1,metadata
1,message-page.jsp
1,memcache
1,many
1,malicous
1,makes
1,maintained
1,main
1,made
1,machines.when
1,lzma2)affected
1,longer
1,logins
1,logging
1,log
1,lodash/mergewith
1,location
1,loads
1,line
1,lightweight
1,libxslt
1,libxml2
1,library.affected
1,libraries.two
1,libraries.affected
1,libraries
1,legitimate
1,led
1,keys
1,jobs
1,jdbc3
1,jdbc2
1,issues
1,invoked
1,invoke
1,introduced.affected
1,introduced
1,instead].affected
1,insert
1,inject
1,included
1,inaccessible
1,improperly
1,important
1,implementation.affected
1,identity
1,href=npm:ws:20171108>npm
1,href=https://www.npmjs.com/package/qunit>qunit</a>
1,href=https://www.npmjs.com/package/qunit>org.webjars:qunit</a>
1,href=https://www.npmjs.com/package/qunit>org.webjars.bower:qunit</a>
1,href=https://www.npmjs.com/package/mpath>mpath</a>
1,href=https://www.npmjs.com/package/mergify>mergify</a>
1,href=https://www.npmjs.com/package/md-data-table>org.webjars:md-data-table</a>
1,href=https://www.npmjs.com/package/md-data-table>org.webjars.npm:md-data-table</a>
1,href=https://www.npmjs.com/package/md-data-table>md-data-table</a>
1,href=https://www.npmjs.com/package/handlebars>org.webjars:handlebars</a>
1,href=https://www.npmjs.com/package/handlebars>org.webjars.npm:handlebars</a>
1,href=https://www.npmjs.com/package/handlebars>org.webjars.bower:handlebars</a>
1,href=https://www.npmjs.com/package/handlebars>handlebars</a>
1,href=https://www.npmjs.com/package/generate-password>generate-password</a>
1,href=https://www.npmjs.com/package/esm>org.webjars.npm:esm</a>
1,href=https://www.npmjs.com/package/esm>esm</a>
1,href=https://search.maven.org/artifact/org.esigate/esigate-core/5.3/jar>org.esigate:esigate-core</a>
1,href=https://pypi.org/project/lxml/>lxml</a>
1,href=https://pypi.org/project/luigi/>luigi</a>
1,href=https://pypi.org/project/definitions/>definitions</a>
1,href=https://pypi.org/project/ansible/>ansible</a>
1,href=https://pypi.org/project/pykmip/>pykmip</a>
1,href=https://packagist.org/packages/simplesamlphp/simplesamlphp>simplesamlphp/simplesamlphp</a>
1,href=https://packagist.org/packages/league/commonmark>league/commonmark</a>
1,href=https://packagist.org/packages/getkirby/kirby>getkirby/kirby</a>
1,href=https://packagist.org/packages/athlon1600/php-proxy-app>athlon1600/php-proxy-app</a>
1,href=https://mvnrepository.com/artifact/org.neo4j.procedure/apoc>org.neo4j.procedure:apoc</a>
1,href=https://mvnrepository.com/artifact/org.bedework/bw-webdav>org.bedework:bw-webdav</a>
1,href=https://mvnrepository.com/artifact/org.apache.nifi/nifi-jetty-bundle>org.apache.nifi:nifi-jetty-bundle</a>
1,href=https://mvnrepository.com/artifact/com.xuxueli/xxl-conf>com.xuxueli:xxl-conf</a>
1,href=https://mvnrepository.com/artifact/com.mchange/c3p0>com.mchange:c3p0</a>
1,href=https://mvnrepository.com/artifact/c3p0/c3p0>c3p0:c3p0</a>
1,href=https://github.com/square/retrofit>com.squareup.retrofit2:retrofit</a>
1,href=https://github.com/square/retrofit/tree/97057aaae42e54bfbee8acfa8af7dcf37e812342/retrofit-converters/jaxb>com.squareup.retrofit2:converter-jaxb</a>
1,href=https://github.com/pear/archive_tar>pear/archive_tar</a>
1,href=https://github.com/goxr3plus/xr3player>com.github.goxr3plus:xr3player</a>
1,href=https://github.com/eclipse/rdf4j>org.eclipse.rdf4j:rdf4j-util</a>
1,href=https://github.com/codelibs/fess>org.codelibs.fess:fess</a>
1,href=https://github.com/apache/nifi>org.apache.nifi:nifi-web-utils</a>
1,href=https://github.com/sonarsource/sonarqube>org.sonarsource.sonarqube:sonar-plugin-api</a>
1,href=https://github.com/openrefine/openrefine>org.openrefine:openrefine</a>
1,href=https://github.com/fasterxml/jackson-modules-java8/tree/master/datetime>com.fasterxml.jackson.datatype:jackson-datatype-jsr310</a>
1,href=https://github.com/bedework/bw-calendar-engine>org.bedework.caleng:bw-calendar-engine-impl</a>
1,href=snyk-java-commonsfileupload-30082>commons-fileupload:commons-fileupload</a>.crash
1,holds
1,hold
1,highly
1,highlight
1,helps
1,health
1,header
1,gzip
1,guessable
1,good.txt+2018-04-15
1,genuine
1,generic
1,generates
1,formats
1,folder.affected
1,focused
1,final
1,filenames
1,file:<pre>+2018-04-15
1,file.exe
1,family
1,failures
1,fails
1,externalidentity
1,extensive
1,expose
1,executable
1,examining
1,events
1,etc
1,esi:include
1,escaping
1,environment.affected
1,entry
1,endpoint
1,either
1,easily.the
1,easier
1,duration
1,drivers
1,downtime.one
1,download
1,distribute
1,disproportionate
1,disable
1,deserializes
1,describes
1,described
1,depending
1,dependency
1,definitions/parser.py
1,definitions
1,deep
1,datatype
1,database
1,data.affected
1,cryptography
1,crippling
1,controls
1,contained
1,configured
1,concurrent
1,concatenated
1,compression
1,comprehensive
1,complex
1,compatible
1,common
1,command
1,coming
1,comes
1,com.mchange:c3p0'affected
1,collection
1,close
1,clog
1,clients
1,client-facing
1,clean
1,class
1,chosen
1,characters
1,capability
1,calendaring
1,calculate
1,caching
1,bzip2
1,bundle
1,bug
1,browser
1,browse
1,break
1,breaching
1,blog
1,binding
1,biased
1,beyond
1,benign
1,batch
1,authorized_keys
1,authorization
1,authentication
1,authenticated
1,augmenting
1,augment
1,attempts
1,artifact
1,api/<method>
1,amount
1,alternative
1,along
1,aimed
1,aim
1,ah/stop
1,agents
1,add
1,accessing
1,accelerator.affected
1,absolute
1,ability
1,xxe)via
1,xxe)due
1,xss)via
1,xss).the
1,xss).a
1,xslt
1,xml.affected
1,x-proxycontextpath
1,webapp
1,webdav
1,visiting
1,validationthat
1,url
1,type-safe
1,traversalin
1,traversal.@path
1,tar
1,statement
1,square
1,singledocparser::handleflowmap
1,shibboleth
1,scanner::ensuretokensinqueue
1,ssrf
1,rio
1,rendertron
1,read.an
1,rather
1,rdf4j
1,rce).filenames
1,rce).a
1,pythonic
1,python
1,proputil.java
1,procedures.affected
1,preparedstatements.affected
1,playlist
1,player.affected
1,php-based
1,php-proxy
1,php
1,noneaffected
1,nifiaffected
1,neo4j
1,mongodb-like
1,modification
1,middle
1,media
1,markdown
1,man
1,maid).an
1,luigi
1,lfi
1,kirby's
1,kmip
1,jetty
1,jenkins
1,javafx
1,java-based
1,jackson
1,jsr-310).affected
1,jndi-bindable
1,jaxb
1,ischeduleclient
1,internet
1,injectionnone
1,injection.via
1,injection.jaxb
1,inc.affected
1,html
1,get/set
1,get
1,forgery
1,fess
1,extracting
1,exposure.when
1,exposure.none
1,exposure.installed
1,exposure.in
1,explorer
1,enterprise
1,enhanced
1,eclipse
1,esigate
1,drivermanager-based
1,dos).it
1,date
1,ddos
1,cryptographic
1,converter
1,confcontroller.java
1,chrome
1,csrf)via
1,cpu/memory
1,backdoor.it
1,assumed-immutable
1,android
1,apis
1,ampersand
1,2.0.affected
1,${request.params.url}
