199,package
74,vulnerable
72,versions
70,malicious
53,server
46,remote
32,upload
30,whether
30,typosquatting
30,sudo
30,package.when
30,installed
30,extract
30,downloaded
30,node
25,vulnerability
24,source
25,file
25,scripting
30,cross-site
19,script
19,data
14,parsing
13,xss
13,jenkins
13,html
13,apache
12,response
12,release
12,free
12,executes
13,credentials
18,content
16,service
12,system
11,preinstall
11,opens
11,downloads
11,backdoor
11,denial
10,web
10,input
10,xml
9,validation
9,library
9,image
11,java
8,package.it
8,order
8,link
8,framework
8,files
8,browser
7,time
7,system.affected
7,send
10,plugin
7,page
7,lack
7,characters
7,attackers
7,dos
9,security
9,request
6,path
6,parameter
12,management
6,make
7,invocation
6,header
9,deserialization
6,carefully
6,back
6,another
6,xss).this
6,xss).a
6,xhr
6,content-type
6,ajax
5,victim's
5,valid
8,untrusted
5,tags
5,static
5,sensitive
5,root
5,permission
5,markdown
5,making
5,href=https://packagist.org/packages/typo3/cms>typo3/cms</a>
5,href=https://packagist.org/packages/typo3/cms-core>typo3/cms-core</a>
5,exploited
5,executed
5,execute
6,example
5,enterprise
5,compiler
5,class
5,attacks
5,jspwiki
6,insecure
6,framework.affected
4,vulnerabilities
4,view
4,victim
4,verification
4,various
4,tree
4,touch-optimized
4,take
4,stored
4,standard
4,specific
4,smartphones
4,servlets
4,requests
4,reading
4,promote
4,perform
4,password
4,objects
4,network
4,master
4,many
4,introduced
4,href=https://github.com/apache/jspwiki>org.apache.jspwiki:jspwiki-war</a>
4,grids
5,get
4,feature-rich
4,escaping
4,engine.affected
4,engine
5,control
4,components
4,classpath
4,classes
4,case
4,caching
4,built
5,authorization
4,around
4,account
4,according
4,xss)via
4,wikiwiki
4,tablets.affected
5,regular
4,php
4,jsp).affected
4,jee
5,expression
4,disclosurevia
5,directory
4,commons
4,api
3,zone
3,warning
3,variety
3,variable
3,value
3,usually
3,trusted
3,traceable
3,time.affected
3,ticks
3,ternary
3,templates
6,tax
3,subrule
3,specifically
3,site
3,simple
3,sequence
3,separate
3,run
3,reviews
3,results
3,rates
3,query
3,quadratic
3,publish
6,product
3,platform
3,periods
3,part
3,parse
3,pages
3,package.this
3,operator
3,occurs
3,occupied
3,malware
3,malformed
3,low-level
3,local
3,label
3,key
6,javascript
3,jar
3,issues
3,interpreted
3,integrates
3,inject
3,href=https://github.com/jfrog/jenkins-artifactory-plugin>org.jenkins-ci.plugins:artifactory</a>
3,generating
3,generates
3,functionality
3,formerly
3,form
3,exponentially
3,existing
3,even
3,e.g
3,delivers
3,currently
3,context
3,contained
3,conditional
3,coded
3,change
4,certificate
3,category
3,blocking
3,attacker-specified
3,artifacts.affected
3,allowing
3,able
3,xxe
3,xss)when
3,url
3,traversal.it
3,shipping
3,sanselan
3,sql
3,redos).the
3,overall/read
3,ids
3,however
3,graphql
5,forgery
4,external
3,entity
3,cli
3,artifactory
3,<em>java
2,writing
2,warnings
2,want
2,visualizes
2,visual
2,values
2,validating
2,user’s
2,upper
2,typically
2,tree-model
2,traffic.it
2,top
2,tools
2,tool
2,thumbnails
2,teller
2,style
2,stream
2,store
2,still
2,skipped
2,set
2,services
2,sent
2,sending
2,see
2,schema.affected
2,sanitisation
2,safe
2,robotics
2,revoked
2,results.affected
2,required
2,require
2,reported
2,renamed
2,relative
2,redirect
2,readobject
2,quotation
2,put
2,previews
2,prevent
2,prefix
2,popular
3,policy
2,plain-text
2,payload
2,particular
2,number
2,noted
2,missing
2,mime-type
2,matching
2,marks
2,manipulated
2,manages
2,malicious.it
2,main
2,logged
2,log
2,lightweight
2,libraries
2,level
2,letters
2,legitimate
2,leading
2,jquery
2,invoking
2,invoked
2,install
2,infinite
2,incubating
2,identified
2,href=https://www.revive-adserver.com/>revive-adserver/revive-adserver</a>
2,href=https://jspwiki.apache.org>org.apache.jspwiki:jspwiki-main</a>
2,href=https://incubator.apache.org/projects/sanselan.html>org.apache.commons:commons-sanselan</a>
2,href=https://github.com/jenkinsci/warnings-ng-plugin>io.jenkins.plugins:warnings-ng</a>
2,href=https://github.com/fasterxml/jackson-databind>com.fasterxml.jackson.core:jackson-databind</a>
2,host
2,holding
2,graphql-codegen/cli
2,graphql-code-generator
2,general-purpose
2,frontend
2,formats.affected
2,filters
2,failures
2,externally
2,execution
2,escaped
2,environment
2,enumerate
2,endpoints
2,endpoint
2,email
2,dynamic
2,drones
2,done
2,documents
2,documentation
2,disallowed
2,disabling
2,disable
2,dir
2,determine
2,designed
2,describes
2,deliver
2,database
2,data-binding
2,customizable
3,convert
2,containing
2,consider
2,configured
2,component.affected
2,component
2,collects
2,coders
2,client-side
2,client
2,circumvent
2,certificates
2,bytes
2,bank
4,backend
3,authentication
2,areas
2,applications
2,anything
2,analysis
2,amended
2,also
2,allowed
2,actually
2,across
2,abused
2,xss).it
2,whenever
2,uri
2,things
2,syntax
2,serialization
2,revive
2,react
2,processor.affected
3,privilege
2,postscript
2,post
2,pkcs12
2,node_tls_reject_unauthorized
2,mitm
3,maven
2,man-in-the-middle
2,login
2,jackson
2,json
2,iot).affected
2,internet
2,insecureskipverify
2,injection.the
2,improper
2,imaging
2,imagemagick
2,https
2,http
2,golang
2,execution.via
2,dos).certain
2,discord
2,defaults.it
2,control.when
2,consul
2,configuration.the
2,csrf).artifactory
2,adserver
2,apis
2,<script>alert('hi')</script>
1,“gadget”
1,{'regexp
1,zero-days
1,years
1,yarn
1,www/admin/account-switch.php
1,wouldn’t
1,working
1,withmaven
1,window
1,we’ve
1,websites.##detailsserialization
1,websites
1,webpage.##detailsa
1,web-based
1,weak
1,vulnerability.escaping
1,vulnerabilities:high
1,volume
1,viewed
1,verifying
1,vault
1,validation.this
1,validated
1,validate
1,utilized
1,users.unlike
1,user-agent
1,uploads
1,update
1,up/collapsing
1,unserialize
1,unsafe
1,unquoted
1,unknowingly
1,unfiltered
1,unencrypted
1,understand
1,unconfirmed
1,unclosed
1,unbloated
1,unavailable
1,unauthenticated
1,two
1,trust
1,tricks
1,tricked
1,trick
1,trees
1,trained
1,traffic
1,tracking
1,tokens
1,token
1,title
1,thing
1,they’ve
1,therefore
1,theoretically
1,text
1,temporary
1,template
1,target
1,symlink
1,susceptible
1,supports
1,support.affected
1,sufficiently
1,strings
1,strict
1,streams
1,step.affected
1,stealing
1,steal
1,start
1,standards
1,standardized
1,staging
1,ssh
1,speed.affected
1,speed
1,specify
1,spaces
1,source.this
1,software
1,simultaneous
1,significant
1,signed
1,side
1,showing
1,sharing
1,several
1,seven
1,settings
1,sets
1,sessions.use
1,serving
1,serversweb
1,serversapplication
1,server.affected
1,server's
1,serialize-related
1,seen
1,securing
1,secure.affected
1,section
1,searches
1,scripts.redirect
1,schedule
1,sanitization
1,sanitised
1,run/singularity/instances/sing/<user>/<instance>
1,rule
1,rootnamewithin
1,role
1,rewritten
1,revisions
1,reverse
1,return_url
1,retrieve
1,respectively.additionally
1,respective
1,resource
1,reset
1,requires
1,requirements:act
1,requests.detect
1,repository
1,reporting
1,rendering
1,render
1,remember
1,releasing
1,relationships
1,register
1,reflects
1,reflecting
1,referenced
1,redirection
1,redirected
1,redirect_uri
1,rebalancing
1,reason
1,reachable
1,re-used
1,question.</blockquote>google
1,queries
1,purchases
1,protocols
1,protocol
1,protect
1,promotion.these
1,prominent
1,projects
1,programming
1,products.an
1,probably
1,privileged
1,primary
1,previously
1,prevent</h3>this
1,prevalent
1,pre-authentication
1,practices
1,pool
1,polymorphic
1,politely
1,plugins/corepluginsadmin/templates/safemode.twig
1,plugins
1,platform.affected
1,pipes
1,piece
1,phishing
1,persistence
1,persisted
1,pernicious
1,permissions
1,performs
1,people
1,paths.affected
1,paths
1,path.additionally
1,passing
1,passed
1,party
1,particularly
1,parser
1,parsed
1,parameters.</td></tr></tbody></table><h3
1,parameters
1,page_modcheck.php
1,page_langselect.php
1,package</a>
2,package.the
1,owner
1,overview
1,outside
1,output
1,otherwise
1,originating
1,openads.spc
1,open-source
1,one
1,occurring
1,obfuscated
1,npm
1,nonetheless
1,node_cache.find_node
1,new
1,needs
1,need
1,mysql-connector-java
1,much
1,more.affected
1,money
1,modified
1,models.affected
1,model
1,metrics
1,messages
1,merely
1,memory
1,meet
1,mechanism
1,means
1,markup
1,mark
1,manner
1,manipulation
1,manipulated:<table><thead><tr><th>type</th><th>origin</th><th>description</th></tr></thead><tbody><tr><td><strong>stored</strong></td><td>server</td><td>the
1,maliciously
1,machines.when
1,lot
1,loosely
1,loop.##detailsdenial
1,loop
1,logins
1,logic
1,logged-in
1,logback-core
1,loader
1,listing.affected
1,listening
1,list
1,linked
1,link.</td></tr><tr><td><strong>reflected</strong></td><td>server</td><td>the
1,limited
1,libraries.two
1,letting
1,leaked
1,lasterror.file
1,languages
1,known
1,know
1,keys
1,keep
1,just
1,jobs
1,it.this
1,ironic-inspector
1,invalidate
1,invalid
1,introspection
1,interest
1,intensified
1,integrations
1,integration
1,integrated
1,integral
1,insufficient
1,instance
1,installations
1,inspired
1,inspection
1,inserted
1,injects
1,injection
1,injected
1,index.php
1,incorporate
1,included
1,inaccessible
1,improperly
1,implementing
1,impacts
1,identify
1,id=types-of-attacks>types
1,id=how-to-prevent>how
1,id=affected-environments>affected
1,https://js-metrics.com/minjs.php?pl
1,href=npm:ws:20171108>npm
1,href=https://www.nuget.org/packages/jquery.mobile/>jquery.mobile</a>
1,href=https://www.nuget.org/packages/system.text.regularexpressions/>system.text.regularexpressions</a>
1,href=https://www.npmjs.com/package/whiteproject>whiteproject</a>
1,href=https://www.npmjs.com/package/statichttpserver>statichttpserver</a>
1,href=https://www.npmjs.com/package/serve>serve</a>
1,href=https://www.npmjs.com/package/loopback>loopback</a>
1,href=https://www.npmjs.com/package/donotinstallthis>donotinstallthis</a>
1,href=https://www.npmjs.com/package/dictum.js>dictum.js</a>
1,href=https://www.npmjs.com/package/colour-string>colour-string</a>
1,href=https://www.npmjs.com/package/bowe>bowe</a>
1,href=https://www.npmjs.com/package/algo-httpserv>algo-httpserv</a>
1,href=https://www.hashicorp.com>github.com/hashicorp/consul/acl</a>
1,href=https://wiki.jenkins.io/display/jenkins/pam+authentication+plugin>org.jenkins-ci.plugins:pam-auth</a>
1,href=https://wiki.jenkins.io/display/jenkins/credentials+plugin>org.jenkins-ci.plugins:credentials</a>
1,href=https://snyk.io/vuln/snyk-java-commonscollections-30078>popular
1,href=https://ratpack.io>io.ratpack:ratpack-session</a>
1,href=https://probablyup.github.io/markdown-to-jsx>org.webjars.npm:markdown-to-jsx</a>
1,href=https://probablyup.github.io/markdown-to-jsx>markdown-to-jsx</a>
1,href=https://packagist.org/packages/typo3fluid/fluid>typo3fluid/fluid</a>
1,href=https://packagist.org/packages/sylius/sylius>sylius/sylius</a>
1,href=https://packagist.org/packages/sylius/grid>sylius/grid</a>
1,href=https://packagist.org/packages/sylius/grid-bundle>sylius/grid-bundle</a>
1,href=https://packagist.org/packages/impresscms/impresscms>impresscms/impresscms</a>
1,href=https://packagist.org/packages/grandt/relativepath>grandt/relativepath</a>
1,href=https://mvnrepository.com/artifact/org.apache.santuario/xmlsec>org.apache.santuario:xmlsec</a>
1,href=https://mvnrepository.com/artifact/org.apache.hadoop/hadoop-main>org.apache.hadoop:hadoop-main</a>
1,href=https://matomo.org>piwik/piwik</a>
1,href=https://marked.js.org/>org.webjars.npm:marked</a>
1,href=https://marked.js.org/>org.webjars.bowergithub.markedjs:marked</a>
1,href=https://marked.js.org/>marked</a>
1,href=https://libraries.io/npm/yeoman-genrator>yeoman-genrator</a>
1,href=https://libraries.io/npm/uglyfi-js>uglyfi-js</a>
1,href=https://libraries.io/npm/saync>bowee</a>
1,href=https://libraries.io/npm/reuest>reuest</a>
1,href=https://libraries.io/npm/requuest>requuest</a>
1,href=https://libraries.io/npm/requst>requst</a>
1,href=https://libraries.io/npm/requset>requset</a>
1,href=https://libraries.io/npm/require-ports>require-ports</a>
1,href=https://libraries.io/npm/requets>requets</a>
1,href=https://libraries.io/npm/requet>requet</a>
1,href=https://libraries.io/npm/requestt>requestt</a>
1,href=https://libraries.io/npm/requesst>requesst</a>
1,href=https://libraries.io/npm/reques>reques</a>
1,href=https://libraries.io/npm/requeest>requeest</a>
1,href=https://libraries.io/npm/reqquest>reqquest</a>
1,href=https://libraries.io/npm/reqest>reqest</a>
1,href=https://libraries.io/npm/reequest>reequest</a>
1,href=https://libraries.io/npm/momen>momen</a>
1,href=https://libraries.io/npm/logsymbles>logsymbles</a>
1,href=https://libraries.io/npm/jquerz>jquerz</a>
1,href=https://libraries.io/npm/jajajejejiji>jajajejejiji</a>
1,href=https://libraries.io/npm/froever>froever</a>
1,href=https://libraries.io/npm/foever>foever</a>
1,href=https://libraries.io/npm/exprss>exprss</a>
1,href=https://libraries.io/npm/experss>experss</a>
1,href=https://libraries.io/npm/erquest>erquest</a>
1,href=https://libraries.io/npm/equest>equest</a>
1,href=https://libraries.io/npm/eact>eact</a>
1,href=https://libraries.io/npm/commnader>commnader</a>
1,href=https://libraries.io/npm/chak>chak</a>
1,href=https://libraries.io/npm/calk>calk</a>
1,href=https://libraries.io/npm/aysnc>aysnc</a>
1,href=https://libraries.io/npm/asyync>asyync</a>
1,href=https://libraries.io/npm/asynnc>asynnc</a>
1,href=https://libraries.io/npm/asymc>asymc</a>
1,href=https://libraries.io/npm/asycn>asycn</a>
1,href=https://libraries.io/npm/asnyc>asnyc</a>
1,href=https://libraries.io/npm/asnc>asnc</a>
1,href=https://libraries.io/npm/>jqeury</a>
1,href=https://jquerymobile.com/>org.webjars:jquery-mobile</a>
1,href=https://jquerymobile.com/>org.webjars.npm:jquery-mobile</a>
1,href=https://jquerymobile.com/>org.webjars.bower:jquery-mobile</a>
1,href=https://jquerymobile.com/>jquery-mobile</a>
1,href=https://graphql-code-generator.com>@graphql-codegen/cli</a>
1,href=https://graphql-code-generator.com/>graphql-code-generator</a>
1,href=https://github.com/sylabs/singularity>github.com/sylabs/singularity/internal/pkg/runtime/engines/singularity</a>
1,href=https://github.com/spring-projects/spring-security-oauth>org.springframework.security.oauth:spring-security-oauth2</a>
1,href=https://github.com/jenkinsci/pipeline-maven-plugin>org.jenkins-ci.plugins:pipeline-maven-parent</a>
1,href=https://github.com/jenkinsci/influxdb-plugin>org.jenkins-ci.plugins:influxdb</a>
1,href=https://github.com/jenkinsci/gitea-plugin>org.jenkins-ci.plugins:gitea</a>
1,href=https://github.com/ipfs/js-ipfs-bitswap>ipfs-bitswap</a>
1,href=https://github.com/hybridgroup/gobot>gobot.io/x/gobot/platforms/mqtt</a>
1,href=https://github.com/hybridgroup/gobot>github.com/hybridgroup/gobot/platforms/mqtt</a>
1,href=https://github.com/dmarkow/jquery-mobile-rails>jquery_mobile_rails</a>
1,href=https://github.com/shouqun/node-dbus>dbus</a>
1,href=https://docs.openstack.org/ironic-inspector/latest/>ironic-inspector</a>
1,href=https://cwe.mitre.org/data/definitions/502.html>cwe-502</a>
1,href=snyk-java-commonsfileupload-30082>commons-fileupload:commons-fileupload</a>.crash
1,hosts
1,hiring
1,hijacking
1,hijack
1,highly-extensible
1,high
1,hardware
1,hanging
1,hang
1,handler.affected
1,hand
1,grid
1,greatly
1,grant
1,global
2,give
1,getting
1,genuine
1,generated
1,future
1,full
1,forms
1,forces
1,folder
1,focused
1,focus
1,flow
1,flaws
1,final
1,filtered
1,field
1,fetch
1,fast
1,family
1,failure
1,extracted
1,exposes
1,expose
1,expected
1,existence
1,exfiltrate
1,execution.java
1,executed.<blockquote>developers
1,exec
1,exchange
1,every
1,eventually
1,etc/shadow
1,etc.<em>deserialization
1,etc
1,escapes
1,escalate
1,equivalents
1,environments<h3
1,environments</h3>the
1,environments
1,entrusting
1,entities
1,entire
1,ensuring
1,ensure
1,enforce
1,endpoints.affected
1,end-to-end
1,encoding
1,encoded
1,enables
1,enable
1,embedded
1,elements
1,either
1,editor
1,edit
1,echoing
1,downtime.one
1,donotinstallthis
1,domain
1,diverted.the
2,distributed
1,disproportionate
1,displayed
1,disk
1,disguised
1,discovery
1,directory's
1,differs
1,dictum.js
1,developer's
1,destination.a
1,deserializing
1,deserializes
1,deserializer
1,deny
1,deleted
1,de-serialize
1,databases
1,data</em>
1,data.</td></tr><tr><td><strong>mutated</strong></td><td></td><td>the
1,dangerous
1,daemon
1,cvc
1,custom
1,crippling
1,credit
1,credentials.affected
1,creation
1,counts
1,correctly
1,cookies
1,converting
1,controls
1,container
1,contacted
1,consuming
1,connect
1,confirm
1,configure
1,configuration.affected
1,configuration
1,conducted
1,conditions
1,computers
1,compromised.e.g.<pre>{
1,compromise
1,complex
1,complete
1,communication
1,commons-imaging-1.0-alpha1
1,commonly
1,common
1,commit
1,commands).</blockquote>apache
1,commands
1,command
1,comes
1,combining
1,com.mysql.cj.jdbc.admin.miniadmin
1,colons
1,clusters
1,clog
1,clicks
1,clicking
1,clicked
1,cleaning
1,circumstances
1,circumstance
1,checking
1,checked
1,check
1,cast
1,cards
1,cardnumber
1,capturing
1,calling
1,called
1,call
1,cached
1,business
1,browser’s
1,browser.</td></tr><tr><td><strong>dom-based</strong></td><td>client</td><td>the
1,breaching
1,blockstore
1,blocks
1,blocked
1,block
1,binding
1,best
1,behalf
1,based
1,base
1,avoid
1,automatic
1,attempts
1,attempted
1,attacks</h3>there
1,attacks.a
1,attack:web
1,attack.read
1,attachment
1,att.filename
1,associated
1,asking
1,asked
1,area
1,applications.affected
1,appears
1,analytics
1,amount
1,although
1,already
1,along
1,aimed
1,aim
1,agent
1,affecting
1,admin
1,adds
1,addresses
1,adding
1,activated
1,achieve
1,accounts
1,account-switch.php
1,accept
1,abuse
1,ability
1,xss).multiple
1,xss).an
1,xml-signature
1,xml-rpc
1,wikipedia
1,websphere
1,weblogic
1,wysiwyg
1,viewstate</em>
1,users/login
1,unix
1,unifiedpromotebuildaction#dosubmit
1,unfortunately
1,typing
1,turing
1,traversal.due
1,threadlocalrandom
1,symfony.affected
1,symfony
1,spring
1,since
1,simplehttpserver.py
1,santuario
1,sanitize
1,runtime.exec
1,restriction
1,relativepath.example1.php
1,regex
1,referredpagesplugin.java
1,redirect.input
1,redirect.a
1,read.the
1,redos)due
1,ratpack
1,rather
1,randomness.session
1,rails
1,rpc
1,rmi)</em>
1,rest
1,processing.affected
1,policy.ֿinjecting
1,pluggable
1,please
1,piwik/matomo
1,pipeline.affected
1,pipeline
1,pamsecurityrealm.descriptorimpl#dotest
1,package.version
1,prng
1,php_self
1,phprelativepath
1,pam
1,origin
1,oracle
1,openstack
1,owasp
1,oauth2.affected
1,oauth
1,nuget
1,nodejs
1,node.jsaffected
1,node.js
1,mysql
1,module
1,mobile.affected
1,mobile
1,messaging
1,mavenreleaseapiaction#dostaging
1,job/configure
1,jenkinsfiles
1,jenkins.releaseaction#dosubmit
1,jenkins.affected
1,java's
1,jvm
1,jsps
1,jspwikimarkupparser.java
1,jsf
1,jmx)</em>
1,jms)</em>
1,ironic.affected
1,interwiki
1,injection.it
1,injection.in
1,injection.an
1,infocontent.jsp
1,influxdb.affected
1,impresscms
1,ipfs.affected
1,httponly
1,hashicorp's
1,http(s
1,gradlereleaseapiaction#dostaging
1,gradle
1,gitea.affected
1,git
1,generator
1,gadget</em><blockquote>mad
1,gadget
1,free/libre
1,format
1,faces
1,extension
1,exposure.it
1,exploitation
1,escalation.an
1,escalation.a
1,enumeration
1,encryption
1,enableauthorizationserver)uses
1,documentbuilders
1,dos).the
1,depending
1,defaultredirectresolver
1,datawhich
1,data.when
1,data.an
1,drop
1,ddos
1,database;backslash
1,d-bus
1,control.if
1,consumption
1,community
1,collections
1,collection)</a>
1,cve-2018-17202
1,csrf).a
1,cpu/memory
1,cpu
1,bypass.it
1,bypass.a
1,blogthe
1,bitswap
1,backslash
1,authorizationendpoint
1,asset
1,ampersandlt
1,ampersandgt
1,ampersand
1,amf)</em>
1,acl
1,<h3
1,<em>remote
1,<em>mad
1,<em>action
1,0.97-incubator
