184,to
152,of
139,the
131,a
100,is
89,package
88,are
86,this
83,vulnerable
83,versions
83,<a
52,in
49,and
40,with
39,that
34,on
30,an
29,for
28,attacker
27,user
25,could
24,can
19,arbitrary
19,allows
18,code
17,vulnerability
17,or
17,data
16,server
15,Jenkins
15,
14,system
14,be
14,Cross-site
13,execute
13,as
13,Service
13,Scripting
13,Denial
12,plugin
12,crafted
12,by
11,permission
10,which
10,when
10,using
10,users
10,file
10,attackers
10,Code
9,streams
9,rights
9,open
9,not
9,may
9,exploited
9,current
9,Remote
9,An
8,memory
8,engine
8,control
8,able
8,This
8,Microsoft
8,Execution
8,DoS).The
7,who
7,way
7,such
7,successfully
7,resources
7,management
7,framework
7,due
7,access
6,you
6,web
6,was
6,used
6,specially
6,service
6,part
6,parsing
6,master
6,information
6,function
6,create
6,clients
6,cause
6,Sandbox
5,will
5,via
5,value
5,tool
5,serialization
5,scripts
5,requests
5,obtain
5,objects
5,new
5,language.Affected
5,it
5,implementation
5,human-friendly
5,frames
5,exists
5,exhaust
5,corrupt
5,core
5,content
5,configuration
5,applications
5,YAML
5,The
5,SQL
5,Python
5,JVM
5,Information
4,were
4,use
4,through
4,scripting
4,running
4,remote
4,powers
4,platform.Affected
4,platform
4,parser
4,parameter
4,other
4,module
4,incorrectly
4,implementation.Affected
4,href=https://www.nuget.org/packages/Microsoft.ChakraCore>Microsoft.ChakraCore</a>
4,full
4,from
4,files
4,email
4,bypass
4,being
4,based
4,authorization
4,authentication
4,authenticated
4,applications.Affected
4,affected
4,administrative
4,Use
4,URL
4,Servlet
4,REST
4,Overall/Read
4,Javascript
4,JavaScript
4,Java
4,HTML
4,HBase
4,Chromium
4,Chakra
4,Azure
4,Arbitrary
4,AMPERSAND
3,without
3,within
3,view
3,verify
3,validation
3,utilised
3,untrusted
3,threads
3,thread
3,then
3,their
3,target
3,take
3,string
3,stored
3,source
3,simple
3,session
3,server-side
3,search
3,sandbox
3,same
3,resource/menus
3,request/response
3,reading/writing
3,programs
3,process
3,permitted
3,permissions
3,password
3,only
3,numbers
3,modern
3,method
3,malicious
3,login
3,logged
3,leading
3,lead
3,keeping
3,keep
3,jenkins
3,its
3,into
3,install
3,including
3,href=https://packagist.org/packages/magento/project-community-edition>magento/community-edition</a>
3,handles
3,gain
3,exhaustion
3,execution
3,excessive
3,eventually
3,eCommerce
3,directory
3,designed
3,delete
3,context
3,connection
3,configured
3,cloud
3,change
3,both
3,blocking
3,block
3,attacks
3,attacker-specified
3,application
3,another
3,also
3,all
3,against
3,accounts
3,accepted
3,XSS)via
3,XML
3,Tomcat
3,SETTINGS
3,RCE
3,Privilege
3,Open
3,It
3,If
3,I/O
3,HTTP/2
3,Edge.Affected
3,Edge
3,Directory
3,By
3,Apache
3,API's
2,your
2,written
2,write
2,where
2,websites
2,vulnerabilities
2,vectors
2,vector
2,unspecified
2,unresponsive
2,unencrypted
2,trigger
2,thereby
2,templates
2,template
2,store
2,software
2,side
2,settings
2,set
2,sandboxed
2,safe
2,run
2,robot
2,results
2,response
2,resource
2,requestURI
2,request
2,rendered
2,render
2,query
2,provisions
2,provides
2,properly
2,project
2,privileges
2,prevent
2,powering
2,possible
2,plugin.Affected
2,persistent
2,performance
2,perform
2,pages.Affected
2,page
2,object
2,newsletter
2,monitoring
2,module/subsystem
2,mode
2,millions
2,match
2,many
2,making
2,local
2,links
2,limited
2,licensed
2,library
2,lib/Varien/Db/Adapter/Pdo/Mysql.php
2,lets
2,length
2,lack
2,key
2,json
2,itself
2,invoke
2,internal/Magento/Framework/DB/Adapter/Pdo/Mysql.php
2,inject
2,implicitParse
2,href=https://wiki.jenkins.io/display/JENKINS/Azure+VM+Agents+plugin>org.jenkins-ci.plugins:azure-vm-agents</a>
2,href=https://rubygems.org/gems/actionview>actionview</a>
2,href=https://jspwiki-wiki.apache.org/>org.apache.jspwiki:jspwiki-builder</a>
2,href=https://github.com/jenkinsci/groovy-plugin>org.jenkins-ci.plugins:groovy</a>
2,home
2,high
2,helps
2,helpers
2,headers
2,have
2,handle
2,frame
2,form
2,following
2,flaw
2,exploit
2,exception
2,escaping
2,escaped
2,entities
2,enabled
2,enable
2,does
2,distributed
2,develop
2,desktop
2,default
2,cryptography
2,cross-platform
2,credentials
2,conventions
2,contains
2,container
2,constructors
2,comparing
2,commands
2,cloud.Affected
2,clone
2,characters
2,call
2,cache
2,but
2,building
2,bug
2,browser
2,broker
2,battle-tested
2,battle
2,agents
2,affects
2,accept
2,XSS).An
2,WikiWiki
2,Untrusted
2,Timing
2,Time
2,Test
2,Synchronize
2,Solr
2,SQLi
2,SETTINGs
2,Restriction
2,Request
2,Rails
2,RMI
2,RCE)in
2,RCE).An
2,ProductBACKSLASH
2,POST
2,Out
2,Message
2,Memory
2,Markdown
2,MagentoBACKSLASH
2,MQTT
2,Job/Configure
2,JSP.Affected
2,JMS
2,Injectionin
2,Injectiondue
2,Injection.A
2,HTTP
2,Groovy
2,FrontendBACKSLASH
2,Freevia
2,Forgery
2,FileReader.<em>Note
2,File
2,External
2,Entity
2,Electron.</em>
2,DoS).Unmarshalling
2,Distributed
2,Deserialization
2,DSL
2,DNS
2,Core
2,ControllerBACKSLASH
2,CommonMark
2,CatalogBACKSLASH
2,CSS.Affected
2,CPU
2,Bypassin
2,Bypass.It
2,Bypass.A
2,Broker
2,After
2,ActionBACKSLASH
2,Access
2,API
2,A
2,2.0
2,1.1
1,zone
1,zend-mvc
1,ysoserial
1,yaml
1,writing
1,workflows.Affected
1,while
1,whether
1,what
1,web.Affected
1,wealth
1,visualizations
1,visit
1,views
1,viewed
1,very
1,versioned
1,version
1,vbscript
1,variable
1,values
1,validating
1,uses
1,user’s
1,users.Affected
1,username
1,user's
1,usage
1,url
1,updating
1,unserialize
1,unsafe
1,universal
1,unique
1,under
1,unable
1,type.Affected
1,type
1,transfer
1,tools
1,toolbar
1,tool.Affected
1,token
1,tiny
1,timing
1,time
1,those
1,third-party
1,they
1,thefile
1,than
1,text.Affected
1,tests
1,testing
1,test
1,tanks
1,tank
1,tag
1,systems
1,systemAffected
1,syntaxTree
1,survey
1,supports
1,support.Affected
1,sue
1,successful
1,subdomain
1,structures
1,str
1,storage
1,standalone
1,src/main/java/org/jenkinsci/plugins/workflow/cps/CpsGroovyShell.java
1,src/main/java/hudson/plugins/groovy/StringScriptSource.java
1,src/main/java/hudson/plugins/emailext/plugins/content/ScriptContent.javasrc/main/java/hudson/plugins/emailext/plugins/trigger/AbstractScriptTrigger.java
1,src/main/java/hudson/plugins/emailext/ExtendedEmailPublisher.javasrc/main/java/hudson/plugins/emailext/plugins/content/EmailExtScript.java
1,src/main/java/hudson/matrix/FilterScript.java
1,src/main/java/com/microsoft/azure/vmagent/AzureVMCloud.java
1,src/main/java/com/microsoft/azure/vmagent/AzureVMAgentTemplate.java
1,src/main/java/com/microsoft/azure/vmagent/AzureVMAgent.java
1,specific
1,spec
1,sort[hostname
1,someone
1,solution
1,smells
1,small
1,site
1,simply
1,simplicity
1,shiro
1,share
1,service.Affected
1,server.The
1,server.Affected
1,serializeToJs.deserialize(str
1,serializeToJs
1,serialize
1,sent
1,sensitive
1,sends
1,send
1,security
1,scope
1,schedule
1,scalable
1,saved
1,save.php
1,right
1,review
1,resulting
1,respond
1,respecting
1,resource/menus/.A
1,res
1,required
1,require('simple-markdown')var
1,require('serialize-to-js')var
1,require
1,rendering
1,relevant
1,release
1,registered
1,register
1,references.Affected
1,reference
1,redirection
1,redirecting
1,redirect_uri
1,redirect
1,real-time
1,ready
1,react
1,rather
1,public
1,provide
1,protocol-oriented
1,protection
1,protect
1,prompt=none
1,programming
1,programmatically
1,program
1,product
1,proceed
1,printers
1,prettify
1,prefix
1,powerful
1,powered
1,potentially
1,posting
1,port.Affected
1,port
1,pom.xml
1,plugin's
1,plug
1,play
1,pipeline
1,pip/easy_install.Affected
1,pickle
1,phones
1,phishing
1,performs
1,performance.Affected
1,payload
1,pathPattern
1,passwords
1,passing
1,parser.Affected
1,parsed_payload
1,parameters
1,pagination
1,pages
1,own
1,over
1,oppose
1,operation
1,openid
1,openStream
1,open-source
1,online
1,one
1,on-screen.Affected
1,obtaining
1,obtained
1,now
1,notifications.Affected
1,notifications
1,notebook
1,nor
1,non-relational
1,non-default
1,network
1,necessary
1,nativeTimingSafeEqual
1,native
1,names
1,name
1,nablarch-core.Affected
1,multiple
1,multi-configuration
1,monitor
1,minimal
1,minidom
1,middleware
1,methods
1,mechanisms
1,measure
1,mdOutput(syntaxTree
1,mdOutput
1,matrix
1,markdown-like
1,mapping
1,management.Affected
1,malicious.The
1,make
1,main
1,magic
1,lxml
1,loop
1,longer
1,long-lasting
1,logic
1,logging
1,log
1,lockable
1,location
1,loading.Affected
1,loading
1,load
1,live
1,"link](data:text/html;base64,PHNjcmlwdD5hbGVydCgnWFNTJyk8L3NjcmlwdD4=)')var"
1,link
1,line
1,lightweight
1,lib/active-controller/middleware.rb
1,less-privileged
1,learning
1,leak
1,large
1,known
1,keywords
1,jspwiki
1,jobs
1,job-dsl-plugin/src/main/groovy/javaposse/jobdsl/plugin/SandboxDslScriptLoader.groovy.An
1,job-dsl-plugin/src/main/groovy/javaposse/jobdsl/plugin/JobDslWhitelist.groovy
1,job
1,jmx.serviceUrl
1,jmeter-server
1,jetty
1,javascript
1,java.net.URL
1,java's
1,issue
1,ipycache.load_vars
1,invalid
1,interfacing
1,interface
1,interaction
1,insufficient
1,insert
1,inputs
1,input
1,initiate
1,indefinitely.<h3
1,increment_failed_attempts
1,incomplete
1,in-process
1,improperly
1,imported.Affected
1,implementations.Affected
1,impacts
1,image
1,if
1,id=poc>POC</h3><pre>var
1,id=poc>POC</h3><pre>const
1,iPython
1,http
1,html/ajax_table.php
1,href=https://www.sonarqube.org/>org.sonarsource.sonarqube:sonar-web</a>
1,href=https://www.npmjs.com/package/simple-markdown>simple-markdown</a>
1,href=https://www.npmjs.com/package/serialize-to-js>org.webjars.npm:serialize-to-js</a>
1,href=https://www.npmjs.com/package/safe-compare>safe-compare</a>
1,href=https://www.npmjs.com/package/react-json-pretty>react-json-pretty</a>
1,href=https://www.npmjs.com/package/kill-port>kill-port</a>
1,href=https://www.npmjs.com/package/js-yaml>org.webjars:js-yaml</a>
1,href=https://www.npmjs.com/package/js-yaml>org.webjars.npm:js-yaml</a>
1,href=https://www.npmjs.com/package/js-yaml>org.webjars.bowergithub.nodeca:js-yaml</a>
1,href=https://www.npmjs.com/package/js-yaml>org.webjars.bower:js-yaml</a>
1,href=https://www.npmjs.com/package/js-yaml>js-yaml</a>
1,href=https://www.npmjs.com/package/electron>org.webjars.npm:electron</a>
1,href=https://www.npmjs.com/package/electron>electron</a>
1,href=https://www.drupal.org/project/drupal>drupal/core</a>
1,href=https://wiki.jenkins.io/display/JENKINS/Script+Security+Plugin>org.jenkins-ci.plugins:script-security</a>
1,href=https://rubygems.org/gems/logstash-core>logstash-core</a>
1,href=https://rubygems.org/gems/doorkeeper-openid_connect>doorkeeper-openid_connect</a>
1,href=https://rubygems.org/gems/devise>devise</a>
1,href=https://rubygems.org/gems/bootstrap-sass>bootstrap-sass</a>
1,href=https://pypi.org/project/pypiserver/>pypiserver</a>
1,href=https://pypi.org/project/notebook/>notebook</a>
1,href=https://pypi.org/project/aspen/>aspen</a>
1,href=https://pypi.org/project/apache-airflow/>apache-airflow</a>
1,href=https://pypi.org/project/ansible-runner/>ansible-runner</a>
1,href=https://pypi.org/project/HttpRunner/>httprunner</a>
1,href=https://plugins.jenkins.io/workflow-cps>org.jenkins-ci.plugins.workflow:workflow-cps</a>
1,href=https://plugins.jenkins.io/fortify-on-demand-uploader>org.jenkins-ci.plugins:fortify-on-demand-uploader</a>
1,href=https://plugins.jenkins.io/email-ext>org.jenkins-ci.plugins:email-ext</a>
1,href=https://packagist.org/packages/zendframework/zend-developer-tools>zendframework/zend-developer-tools</a>
1,href=https://packagist.org/packages/pimcore/pimcore>pimcore/pimcore</a>
1,href=https://packagist.org/packages/moodle/moodle>moodle/moodle</a>
1,href=https://packagist.org/packages/magento/core>magento/core</a>
1,href=https://packagist.org/packages/librenms/librenms>librenms/librenms</a>
1,href=https://packagist.org/packages/league/commonmark>league/commonmark</a>
1,href=https://packagist.org/packages/laravel/framework>laravel/framework</a>
1,href=https://mvnrepository.com/artifact/org.jenkins-ci.plugins/matrix-project>org.jenkins-ci.plugins:matrix-project</a>
1,href=https://mvnrepository.com/artifact/org.elasticsearch/elasticsearch>org.elasticsearch:elasticsearch</a>
1,href=https://mvnrepository.com/artifact/org.apache.tomcat/tomcat-coyote>org.apache.tomcat:tomcat-coyote</a>
1,href=https://mvnrepository.com/artifact/org.apache.tomcat/tomcat-catalina>org.apache.tomcat:tomcat-catalina</a>
1,href=https://mvnrepository.com/artifact/org.apache.tomcat.embed/tomcat-embed-core>org.apache.tomcat.embed:tomcat-embed-core</a>
1,href=https://mvnrepository.com/artifact/org.apache.shiro/shiro-web>org.apache.shiro:shiro-web</a>
1,href=https://mvnrepository.com/artifact/org.apache.karaf.kar/org.apache.karaf.kar.core>org.apache.karaf.kar:org.apache.karaf.kar.core</a>
1,href=https://mvnrepository.com/artifact/org.apache.jmeter/ApacheJMeter_core>org.apache.jmeter:ApacheJMeter_core</a>
1,href=https://mvnrepository.com/artifact/org.apache.hadoop/hadoop-kms>org.apache.hadoop:hadoop-kms</a>
1,href=https://mvnrepository.com/artifact/org.apache.activemq/activemq-client>org.apache.activemq:activemq-client</a>
1,href=https://github.com/splunk/splunk-sdk-python>splunk-sdk</a>
1,href=https://github.com/rossant/ipycache>ipycache</a>
1,href=https://github.com/robo-code/robocode>net.sf.robocode:robocode</a>
1,href=https://github.com/nablarch/nablarch-fw-web-dbstore>com.nablarch.framework:nablarch-fw-web-dbstore</a>
1,href=https://github.com/nablarch/nablarch-core-dataformat>com.nablarch.framework:nablarch-core-dataformat</a>
1,href=https://github.com/jenkinsci/slack-plugin>org.jenkins-ci.plugins:slack</a>
1,href=https://github.com/jenkinsci/prqa-plugin>com.programmingresearch:prqa-plugin</a>
1,href=https://github.com/jenkinsci/lockable-resources-plugin>org.6wind.jenkins:lockable-resources</a>
1,href=https://github.com/jenkinsci/job-dsl-plugin>org.jenkins-ci.plugins:job-dsl</a>
1,href=https://github.com/jenkinsci/ecs-publisher-plugin>de.eacg:ecs-publisher</a>
1,href=https://github.com/jenkinsci/codebeamer-result-trend-updater-plugin>org.jenkins-ci.plugins:codebeamer-result-trend-updater</a>
1,href=https://github.com/gouthamve/prometheus>github.com/prometheus/prometheus/web/ui</a>
1,href=https://github.com/eclipse/jetty.project>org.eclipse.jetty:jetty-http</a>
1,href=https://github.com/drupal/drupal>drupal/drupal</a>
1,href=https://github.com/LionC/express-basic-auth>express-basic-auth</a>
1,href=https://github.com/LimeSurvey/LimeSurvey>limesurvey/limesurvey</a>
1,href=https://ezplatform.com>ezsystems/ezplatform-admin-ui</a>
1,href=https://embark.status.im/>embark</a>
1,href=https://donfig.readthedocs.io/en/latest/>donfig</a>
1,href=http://www.zrlog.com/>com.zrlog:zrlog</a>
1,href=http://lucene.apache.org/solr/>org.apache.solr:solr-core</a>
1,href=http://hbase.apache.org/>org.apache.hbase:hbase-rest</a>
1,href=http://activemq.apache.org/>org.apache.activemq:activemq-parent</a>
1,hidden
1,happen
1,groups
1,groovy
1,grants
1,goal
1,given
1,generated
1,game
1,gaining
1,gadget
1,further
1,function(){while(true){}}()'var
1,fully
1,framework.Affected
1,formating
1,format
1,flow
1,flexible
1,filter
1,filesystem
1,file:could
1,file.Affected
1,field
1,features
1,featured
1,ezplatform
1,external
1,extention
1,extension
1,extensibility.Affected
1,exposure
1,exploitable
1,explanatory
1,executed
1,exec
1,examples
1,every
1,events
1,event
1,evaluating
1,etc
1,establish
1,error
1,equations
1,env
1,entries
1,enterprise
1,end-user
1,encoded.<h3
1,else's
1,either
1,easy-to-use
1,easily
1,eZ
1,during
1,drop
1,downloadZip
1,double-encoded
1,doesn't
1,documents
1,disclosing
1,disabled
1,directly
1,dhx_version
1,dhx_user
1,device
1,developers
1,developer
1,developed
1,detect
1,details
1,deserialized
1,deserialization
1,deploy
1,dependency
1,denial
1,demonstrated
1,definitions
1,defining
1,defines
1,defaults
1,decoding
1,debug
1,database.Affected
1,database
1,data.Affected
1,cryptographic
1,cookie
1,convincing
1,controls.The
1,contents
1,contain
1,consume
1,constant
1,considered
1,connect
1,configuring
1,configure
1,config_obj.py
1,config.xml
1,conduct
1,concurrency
1,computers
1,computations
1,compromise
1,components
1,component
1,comparison
1,compare
1,communicate
1,command
1,combination
1,collect_yaml
1,codeBeamer
1,code.Affected
1,client
1,classpath
1,"classes:job-dsl-core/src/main/groovy/javaposse/jobdsl/dsl/AbstractDslScriptLoader.groovy,job-dsl-plugin/build.gradle"
1,classes
1,class
1,circular
1,choosing
1,checking
1,check
1,channel.Affected
1,changed
1,chains
1,chain
1,certificates
1,cell
1,causing
1,caused
1,carefully
1,capturing
1,calls
1,bypassing
1,built
1,builds.Affected
1,build
1,bugs
1,browsers
1,box
1,blog/CMS
1,blocks
1,bind
1,behalf
1,because
1,battles
1,basic
1,base_url
1,base64
1,backdoor
1,automatic
1,author
1,auth
1,attraction.Affected
1,attacks.The
1,attacks.Affected
1,attacker-controlled
1,attack
1,attach
1,aspect
1,artisans.Affected
1,article
1,argument
1,areas
1,applied
1,application/controllers/admin/export.php
1,always
1,alter
1,allowing
1,allowed
1,allocations
1,algorithm
1,agent.This
1,after
1,affect
1,administrators/managers
1,administrators
1,admin/class/bulk-commit
1,address
1,additional
1,added
1,action
1,account/projects
1,about
1,Zip
1,XXE).It
1,XXE
1,XSS)through
1,XSS)in
1,XSS)due
1,XSS).a
1,XSS).The
1,XSS).Multiple
1,XSS).Malicious
1,XSS).It
1,Write
1,Wiki
1,Warden.Affected
1,Vulnerabilities).Affected
1,View
1,VM
1,UI
1,TrustSource
1,Trend
1,Traversalvia
1,Traversal.The
1,Traversal.A
1,TOCTOU).The
1,TLS
1,Standard
1,Splunk.Affected
1,Source
1,Software
1,Slip).This
1,Slack
1,SimpleMarkdown.defaultImplicitParse;var
1,SimpleMarkdown.defaultHtmlOutput;var
1,SimpleMarkdown
1,Simplates
1,Servers
1,Server-side
1,Security
1,Search
1,Sass-powered
1,Sass
1,SSRF).An
1,SSL
1,SPNEGO
1,SDK
1,Risky
1,Result
1,Research
1,Requests
1,RemoteJMeterEngine
1,Reference
1,Redirectvia
1,Redirect.Due
1,Read.Specially
1,Read
1,ROOT
1,RMI/LDAP
1,RESTful
1,PyPI
1,Protected
1,Prometheus
1,Project.Affected
1,Programming
1,Post-Build
1,Plugins
1,Plugin.Affected
1,Platform
1,Permission
1,Parent
1,POM
1,PHP-based
1,PHP
1,OpenSource
1,OpenID
1,ObjectInputStream
1,OS
1,OAuth
1,Node.js
1,No
1,NET
1,MitM
1,Missing
1,Man-in-the-Middle
1,Magento
1,LuceneAffected
1,Kit
1,Kills
1,KeyProvider
1,Kerberos
1,Karaf
1,KMS
1,KAR
1,Jobs.Affected
1,Job
1,Jenkins.Affected
1,Java.Affected
1,JSON
1,JS
1,JMeter
1,JMXConnectorServerFactory
1,JDBC.Affected
1,Item/Extended
1,Issue.Users
1,Insufficiently
1,Insecure
1,Injectionvia
1,Injection.If
1,IP
1,IDs
1,Hadoop’s
1,HTTP(S
1,Fortify
1,FoD.Affected
1,FoD
1,FOSS
1,Extraction
1,Express.Affected
1,Exposure.None
1,Exposure.It
1,Exposure.An
1,Executionwhen
1,Execution.A
1,EscalationNone
1,Escalation.Authorization
1,Escalation.An
1,Engine.Affected
1,Engine
1,Edition.Affected
1,EdgeAffected
1,Doorkeeper.Affected
1,DoS).due
1,DoS).Specially
1,DoS).It
1,Disclosurebecause
1,Disclosure.An
1,Devise::Models::Lockable
1,Development
1,Depending
1,Demand
1,Defaults.The
1,Decentralized
1,Data.ConfigAPI
1,Data.An
1,Dashboards
1,Dashboard
1,DApps).Affected
1,Cryptographic
1,Credentials.The
1,Content
1,Constant-time
1,Connectors
1,Connect
1,Compliance
1,Community
1,Command
1,Classes
1,Check.An
1,Check
1,CSRF).It
1,CRLF
1,CMS/PIM/E-Commerce).Affected
1,Bypass.The
1,Bypass.An
1,Bundle.Affected
1,Broken
1,Bootstrap
1,Attackvia
1,Attackdue
1,Archive
1,Applications
1,Ansible
1,Algorithm.Due
1,Admin
1,Action
1,API.Affected
1,AMPERSANDgt
1,ALM
1,?search
1,<
1,3
1,100
1,+
