1999/01,0,adobe
1999/02,0,adobe
1999/03,0,adobe
1999/04,0,adobe
1999/05,0,adobe
1999/06,0,adobe
1999/07,0,adobe
1999/08,0,adobe
1999/09,0,adobe
1999/10,0,adobe
1999/11,0,adobe
1999/12,0,adobe
2000/01,0,adobe
2000/02,0,adobe
2000/03,0,adobe
2000/04,0,adobe
2000/05,0,adobe
2000/06,0,adobe
2000/07,0,adobe
2000/08,0,adobe
2000/09,0,adobe
2000/10,0,adobe
2000/11,0,adobe
2000/12,0,adobe
2001/01,0,adobe
2001/02,0,adobe
2001/03,0,adobe
2001/04,0,adobe
2001/05,0,adobe
2001/06,0,adobe
2001/07,0,adobe
2001/08,0,adobe
2001/09,0,adobe
2001/10,0,adobe
2001/11,0,adobe
2001/12,0,adobe
2002/01,0,adobe
2002/02,0,adobe
2002/03,0,adobe
2002/04,0,adobe
2002/05,0,adobe
2002/06,0,adobe
2002/07,0,adobe
2002/08,0,adobe
2002/09,0,adobe
2002/10,0,adobe
2002/11,0,adobe
2002/12,0,adobe
2003/01,0,adobe
2003/02,0,adobe
2003/03,0,adobe
2003/04,0,adobe
2003/05,0,adobe
2003/06,0,adobe
2003/07,0,adobe
2003/08,0,adobe
2003/09,0,adobe
2003/10,0,adobe
2003/11,0,adobe
2003/12,0,adobe
2004/01,0,adobe
2004/02,0,adobe
2004/03,0,adobe
2004/04,0,adobe
2004/05,0,adobe
2004/06,0,adobe
2004/07,0,adobe
2004/08,0,adobe
2004/09,0,adobe
2004/10,0,adobe
2004/11,0,adobe
2004/12,0,adobe
2005/01,0,adobe
2005/02,0,adobe
2005/03,0,adobe
2005/04,0,adobe
2005/05,0,adobe
2005/06,0,adobe
2005/07,0,adobe
2005/08,0,adobe
2005/09,0,adobe
2005/10,0,adobe
2005/11,2,adobe
2005/12,0,adobe
2006/01,0,adobe
2006/02,0,adobe
2006/03,1,adobe
2006/04,0,adobe
2006/05,1,adobe
2006/06,0,adobe
2006/07,0,adobe
2006/08,0,adobe
2006/09,0,adobe
2006/10,1,adobe
2006/11,0,adobe
2006/12,1,adobe
2007/01,0,adobe
2007/02,1,adobe
2007/03,0,adobe
2007/04,0,adobe
2007/05,0,adobe
2007/06,0,adobe
2007/07,0,adobe
2007/08,0,adobe
2007/09,0,adobe
2007/10,0,adobe
2007/11,1,adobe
2007/12,0,adobe
2008/01,1,adobe
2008/02,0,adobe
2008/03,14,adobe
2008/04,0,adobe
2008/05,1,adobe
2008/06,0,adobe
2008/07,0,adobe
2008/08,0,adobe
2008/09,0,adobe
2008/10,3,adobe
2008/11,0,adobe
2008/12,0,adobe
2009/01,0,adobe
2009/02,11,adobe
2009/03,7,adobe
2009/04,0,adobe
2009/05,0,adobe
2009/06,0,adobe
2009/07,0,adobe
2009/08,0,adobe
2009/09,15,adobe
2009/10,0,adobe
2009/11,0,adobe
2009/12,2,adobe
2010/01,6,adobe
2010/02,17,adobe
2010/03,0,adobe
2010/04,0,adobe
2010/05,0,adobe
2010/06,0,adobe
2010/07,9,adobe
2010/08,1,adobe
2010/09,4,adobe
2010/10,9,adobe
2010/11,10,adobe
2010/12,5,adobe
2011/01,0,adobe
2011/02,11,adobe
2011/03,0,adobe
2011/04,8,adobe
2011/05,4,adobe
2011/06,8,adobe
2011/07,0,adobe
2011/08,4,adobe
2011/09,4,adobe
2011/10,0,adobe
2011/11,12,adobe
2011/12,110,adobe
2012/01,7,adobe
2012/02,4,adobe
2012/03,4,adobe
2012/04,8,adobe
2012/05,0,adobe
2012/06,8,adobe
2012/07,0,adobe
2012/08,10,adobe
2012/09,0,adobe
2012/10,4,adobe
2012/11,4,adobe
2012/12,4,adobe
2013/01,12,adobe
2013/02,8,adobe
2013/03,5,adobe
2013/04,4,adobe
2013/05,12,adobe
2013/06,0,adobe
2013/07,0,adobe
2013/08,0,adobe
2013/09,0,adobe
2013/10,5,adobe
2013/11,4,adobe
2013/12,4,adobe
2014/01,4,adobe
2014/02,8,adobe
2014/03,4,adobe
2014/04,0,adobe
2014/05,19,adobe
2014/06,0,adobe
2014/07,0,adobe
2014/08,4,adobe
2014/09,4,adobe
2014/10,0,adobe
2014/11,4,adobe
2014/12,4,adobe
2015/01,8,adobe
2015/02,509,adobe
2015/03,0,adobe
2015/04,0,adobe
2015/05,4,adobe
2015/06,11,adobe
2015/07,4,adobe
2015/08,4,adobe
2015/09,16,adobe
2015/10,4,adobe
2015/11,8,adobe
2015/12,7,adobe
2016/01,4,adobe
2016/02,0,adobe
2016/03,24,adobe
2016/04,6,adobe
2016/05,38,adobe
2016/06,2,adobe
2016/07,0,adobe
2016/08,0,adobe
2016/09,0,adobe
2016/10,0,adobe
2016/11,0,adobe
2016/12,0,adobe
2017/01,0,adobe
2017/02,0,adobe
2017/03,0,adobe
2017/04,0,adobe
2017/05,0,adobe
2017/06,1,adobe
2017/07,0,adobe
2017/08,0,adobe
2017/09,0,adobe
2017/10,112,adobe
2017/11,0,adobe
2017/12,0,adobe
2018/01,0,adobe
2018/02,0,adobe
2018/03,0,adobe
2018/04,0,adobe
2018/05,0,adobe
2018/06,0,adobe
2018/07,0,adobe
2018/08,0,adobe
2018/09,0,adobe
2018/10,0,adobe
2018/11,0,adobe
2018/12,0,adobe
2019/01,2,adobe
2019/02,0,adobe
2019/03,0,adobe
2019/04,0,adobe
2019/05,0,adobe
2019/06,0,adobe
2019/07,0,adobe
2019/08,1,adobe
2019/09,0,adobe
2019/10,0,adobe
2019/11,0,adobe
2019/12,0,adobe
