1999/01,0,apple
1999/02,0,apple
1999/03,0,apple
1999/04,0,apple
1999/05,0,apple
1999/06,0,apple
1999/07,0,apple
1999/08,0,apple
1999/09,0,apple
1999/10,0,apple
1999/11,0,apple
1999/12,0,apple
2000/01,0,apple
2000/02,0,apple
2000/03,0,apple
2000/04,0,apple
2000/05,0,apple
2000/06,0,apple
2000/07,0,apple
2000/08,0,apple
2000/09,0,apple
2000/10,0,apple
2000/11,0,apple
2000/12,0,apple
2001/01,0,apple
2001/02,0,apple
2001/03,0,apple
2001/04,0,apple
2001/05,0,apple
2001/06,0,apple
2001/07,0,apple
2001/08,0,apple
2001/09,0,apple
2001/10,0,apple
2001/11,0,apple
2001/12,0,apple
2002/01,0,apple
2002/02,0,apple
2002/03,0,apple
2002/04,0,apple
2002/05,0,apple
2002/06,0,apple
2002/07,0,apple
2002/08,0,apple
2002/09,0,apple
2002/10,0,apple
2002/11,0,apple
2002/12,0,apple
2003/01,0,apple
2003/02,0,apple
2003/03,0,apple
2003/04,0,apple
2003/05,0,apple
2003/06,0,apple
2003/07,0,apple
2003/08,0,apple
2003/09,0,apple
2003/10,0,apple
2003/11,0,apple
2003/12,0,apple
2004/01,0,apple
2004/02,0,apple
2004/03,0,apple
2004/04,0,apple
2004/05,0,apple
2004/06,0,apple
2004/07,0,apple
2004/08,0,apple
2004/09,0,apple
2004/10,0,apple
2004/11,0,apple
2004/12,0,apple
2005/01,0,apple
2005/02,0,apple
2005/03,0,apple
2005/04,0,apple
2005/05,0,apple
2005/06,0,apple
2005/07,0,apple
2005/08,0,apple
2005/09,0,apple
2005/10,0,apple
2005/11,0,apple
2005/12,0,apple
2006/01,0,apple
2006/02,0,apple
2006/03,0,apple
2006/04,0,apple
2006/05,2,apple
2006/06,0,apple
2006/07,0,apple
2006/08,0,apple
2006/09,0,apple
2006/10,0,apple
2006/11,0,apple
2006/12,0,apple
2007/01,0,apple
2007/02,0,apple
2007/03,0,apple
2007/04,0,apple
2007/05,0,apple
2007/06,0,apple
2007/07,0,apple
2007/08,0,apple
2007/09,0,apple
2007/10,0,apple
2007/11,0,apple
2007/12,0,apple
2008/01,0,apple
2008/02,0,apple
2008/03,1,apple
2008/04,0,apple
2008/05,0,apple
2008/06,0,apple
2008/07,0,apple
2008/08,0,apple
2008/09,0,apple
2008/10,0,apple
2008/11,0,apple
2008/12,0,apple
2009/01,0,apple
2009/02,0,apple
2009/03,0,apple
2009/04,0,apple
2009/05,0,apple
2009/06,0,apple
2009/07,0,apple
2009/08,0,apple
2009/09,6,apple
2009/10,1,apple
2009/11,1,apple
2009/12,0,apple
2010/01,0,apple
2010/02,0,apple
2010/03,0,apple
2010/04,0,apple
2010/05,1,apple
2010/06,1,apple
2010/07,1,apple
2010/08,1,apple
2010/09,0,apple
2010/10,0,apple
2010/11,0,apple
2010/12,0,apple
2011/01,0,apple
2011/02,2,apple
2011/03,0,apple
2011/04,0,apple
2011/05,0,apple
2011/06,0,apple
2011/07,3,apple
2011/08,0,apple
2011/09,0,apple
2011/10,0,apple
2011/11,0,apple
2011/12,446,apple
2012/01,360,apple
2012/02,19,apple
2012/03,93,apple
2012/04,0,apple
2012/05,2,apple
2012/06,2,apple
2012/07,11,apple
2012/08,57,apple
2012/09,139,apple
2012/10,0,apple
2012/11,1,apple
2012/12,0,apple
2013/01,0,apple
2013/02,0,apple
2013/03,8,apple
2013/04,7,apple
2013/05,21,apple
2013/06,25,apple
2013/07,1,apple
2013/08,0,apple
2013/09,6,apple
2013/10,18,apple
2013/11,0,apple
2013/12,5,apple
2014/01,0,apple
2014/02,2,apple
2014/03,20,apple
2014/04,0,apple
2014/05,6,apple
2014/06,0,apple
2014/07,0,apple
2014/08,0,apple
2014/09,38,apple
2014/10,373,apple
2014/11,0,apple
2014/12,0,apple
2015/01,14,apple
2015/02,126,apple
2015/03,6,apple
2015/04,53,apple
2015/05,0,apple
2015/06,1,apple
2015/07,22,apple
2015/08,621,apple
2015/09,100,apple
2015/10,69,apple
2015/11,0,apple
2015/12,10,apple
2016/01,37,apple
2016/02,12,apple
2016/03,306,apple
2016/04,21,apple
2016/05,2,apple
2016/06,53,apple
2016/07,0,apple
2016/08,1,apple
2016/09,0,apple
2016/10,1,apple
2016/11,78,apple
2016/12,165,apple
2017/01,18,apple
2017/02,0,apple
2017/03,73,apple
2017/04,118,apple
2017/05,42,apple
2017/06,1,apple
2017/07,53,apple
2017/08,16,apple
2017/09,50,apple
2017/10,16,apple
2017/11,52,apple
2017/12,23,apple
2018/01,52,apple
2018/02,4,apple
2018/03,0,apple
2018/04,68,apple
2018/05,11,apple
2018/06,44,apple
2018/07,6,apple
2018/08,0,apple
2018/09,0,apple
2018/10,105,apple
2018/11,0,apple
2018/12,0,apple
2019/01,0,apple
2019/02,5,apple
2019/03,0,apple
2019/04,0,apple
2019/05,0,apple
2019/06,0,apple
2019/07,0,apple
2019/08,0,apple
2019/09,0,apple
2019/10,0,apple
2019/11,1,apple
2019/12,0,apple
