1999/Jan,0,dos
1999/Feb,0,dos
1999/Mar,0,dos
1999/Apr,0,dos
1999/May,0,dos
1999/Jun,0,dos
1999/Jul,0,dos
1999/Aug,0,dos
1999/Sep,0,dos
1999/Oct,0,dos
1999/Nov,0,dos
1999/Dec,0,dos
2000/Jan,0,dos
2000/Feb,0,dos
2000/Mar,0,dos
2000/Apr,0,dos
2000/May,0,dos
2000/Jun,0,dos
2000/Jul,0,dos
2000/Aug,0,dos
2000/Sep,0,dos
2000/Oct,0,dos
2000/Nov,0,dos
2000/Dec,0,dos
2001/Jan,0,dos
2001/Feb,0,dos
2001/Mar,0,dos
2001/Apr,0,dos
2001/May,0,dos
2001/Jun,0,dos
2001/Jul,0,dos
2001/Aug,0,dos
2001/Sep,0,dos
2001/Oct,0,dos
2001/Nov,0,dos
2001/Dec,0,dos
2002/Jan,0,dos
2002/Feb,0,dos
2002/Mar,0,dos
2002/Apr,0,dos
2002/May,0,dos
2002/Jun,0,dos
2002/Jul,0,dos
2002/Aug,0,dos
2002/Sep,0,dos
2002/Oct,0,dos
2002/Nov,0,dos
2002/Dec,0,dos
2003/Jan,0,dos
2003/Feb,0,dos
2003/Mar,0,dos
2003/Apr,0,dos
2003/May,0,dos
2003/Jun,0,dos
2003/Jul,0,dos
2003/Aug,0,dos
2003/Sep,0,dos
2003/Oct,0,dos
2003/Nov,0,dos
2003/Dec,0,dos
2004/Jan,0,dos
2004/Feb,0,dos
2004/Mar,0,dos
2004/Apr,0,dos
2004/May,0,dos
2004/Jun,0,dos
2004/Jul,0,dos
2004/Aug,0,dos
2004/Sep,0,dos
2004/Oct,0,dos
2004/Nov,0,dos
2004/Dec,0,dos
2005/Jan,0,dos
2005/Feb,0,dos
2005/Mar,0,dos
2005/Apr,0,dos
2005/May,0,dos
2005/Jun,0,dos
2005/Jul,0,dos
2005/Aug,0,dos
2005/Sep,0,dos
2005/Oct,0,dos
2005/Nov,0,dos
2005/Dec,0,dos
2006/Jan,0,dos
2006/Feb,0,dos
2006/Mar,0,dos
2006/Apr,0,dos
2006/May,0,dos
2006/Jun,0,dos
2006/Jul,0,dos
2006/Aug,4,dos
2006/Sep,0,dos
2006/Oct,0,dos
2006/Nov,0,dos
2006/Dec,0,dos
2007/Jan,0,dos
2007/Feb,0,dos
2007/Mar,0,dos
2007/Apr,0,dos
2007/May,1,dos
2007/Jun,0,dos
2007/Jul,0,dos
2007/Aug,0,dos
2007/Sep,0,dos
2007/Oct,0,dos
2007/Nov,0,dos
2007/Dec,0,dos
2008/Jan,0,dos
2008/Feb,0,dos
2008/Mar,0,dos
2008/Apr,0,dos
2008/May,0,dos
2008/Jun,1,dos
2008/Jul,0,dos
2008/Aug,0,dos
2008/Sep,0,dos
2008/Oct,0,dos
2008/Nov,1,dos
2008/Dec,0,dos
2009/Jan,0,dos
2009/Feb,0,dos
2009/Mar,0,dos
2009/Apr,1,dos
2009/May,0,dos
2009/Jun,0,dos
2009/Jul,1,dos
2009/Aug,0,dos
2009/Sep,0,dos
2009/Oct,0,dos
2009/Nov,0,dos
2009/Dec,0,dos
2010/Jan,0,dos
2010/Feb,0,dos
2010/Mar,0,dos
2010/Apr,0,dos
2010/May,0,dos
2010/Jun,0,dos
2010/Jul,1,dos
2010/Aug,0,dos
2010/Sep,1,dos
2010/Oct,0,dos
2010/Nov,0,dos
2010/Dec,1,dos
2011/Jan,0,dos
2011/Feb,0,dos
2011/Mar,1,dos
2011/Apr,1,dos
2011/May,0,dos
2011/Jun,1,dos
2011/Jul,0,dos
2011/Aug,1,dos
2011/Sep,0,dos
2011/Oct,0,dos
2011/Nov,0,dos
2011/Dec,3,dos
2012/Jan,1,dos
2012/Feb,2,dos
2012/Mar,0,dos
2012/Apr,1,dos
2012/May,0,dos
2012/Jun,1,dos
2012/Jul,0,dos
2012/Aug,0,dos
2012/Sep,1,dos
2012/Oct,0,dos
2012/Nov,0,dos
2012/Dec,0,dos
2013/Jan,4,dos
2013/Feb,2,dos
2013/Mar,2,dos
2013/Apr,0,dos
2013/May,0,dos
2013/Jun,1,dos
2013/Jul,0,dos
2013/Aug,2,dos
2013/Sep,0,dos
2013/Oct,3,dos
2013/Nov,0,dos
2013/Dec,1,dos
2014/Jan,0,dos
2014/Feb,2,dos
2014/Mar,0,dos
2014/Apr,3,dos
2014/May,5,dos
2014/Jun,0,dos
2014/Jul,2,dos
2014/Aug,0,dos
2014/Sep,0,dos
2014/Oct,8,dos
2014/Nov,20,dos
2014/Dec,22,dos
2015/Jan,2,dos
2015/Feb,2,dos
2015/Mar,2,dos
2015/Apr,2,dos
2015/May,3,dos
2015/Jun,4,dos
2015/Jul,0,dos
2015/Aug,2,dos
2015/Sep,2,dos
2015/Oct,1,dos
2015/Nov,0,dos
2015/Dec,1,dos
2016/Jan,10,dos
2016/Feb,3,dos
2016/Mar,2,dos
2016/Apr,2,dos
2016/May,8,dos
2016/Jun,4,dos
2016/Jul,3,dos
2016/Aug,9,dos
2016/Sep,5,dos
2016/Oct,0,dos
2016/Nov,3,dos
2016/Dec,12,dos
2017/Jan,1,dos
2017/Feb,2,dos
2017/Mar,6,dos
2017/Apr,4,dos
2017/May,24,dos
2017/Jun,6,dos
2017/Jul,30,dos
2017/Aug,19,dos
2017/Sep,18,dos
2017/Oct,1,dos
2017/Nov,11,dos
2017/Dec,10,dos
2018/Jan,6,dos
2018/Feb,3,dos
2018/Mar,5,dos
2018/Apr,3,dos
2018/May,5,dos
2018/Jun,8,dos
2018/Jul,1,dos
2018/Aug,4,dos
2018/Sep,1,dos
2018/Oct,1,dos
2018/Nov,2,dos
2018/Dec,7,dos
2019/Jan,0,dos
2019/Feb,0,dos
2019/Mar,0,dos
2019/Apr,2,dos
2019/May,7,dos
2019/Jun,4,dos
2019/Jul,1,dos
2019/Aug,0,dos
2019/Sep,0,dos
2019/Oct,0,dos
2019/Nov,0,dos
2019/Dec,0,dos
